obs_wl_vac(nm),ritz_wl_vac(nm),unc_ritz_wl,intens,Aki(s^-1),Acc,Ei(eV),Ek(eV),conf_i,term_i,J_i,conf_k,term_k,J_k,g_i,g_k,Type,tp_ref,line_ref,
"=""""","=""0.7103687""","=""0.0000007""","=""10g""","=""1.40e+11""",A+,"=""0.0000""","=""(1745.3499)""","=""1s2""","=""1S""","=""0""","=""1s.10p""","=""1P*""","=""1""",1,3,,"=""T5231c4,T5072""","=""""",
"=""0.7128""","=""0.7119427""","=""0.0000007""","=""15g""","=""1.92e+11""",A,"=""0.0000""","=""(1741.4912)""","=""1s2""","=""1S""","=""0""","=""1s.9p""","=""1P*""","=""1""",1,3,,"=""T5231c4,T5072""","=""L2304""",
"=""0.7156""","=""0.7141547""","=""0.0000007""","=""20g""","=""2.74e+11""",A,"=""0.0000""","=""(1736.0973)""","=""1s2""","=""1S""","=""0""","=""1s.8p""","=""1P*""","=""1""",1,3,,"=""T5231c4,T5072""","=""L2304""",
"=""0.7177""","=""0.7174053""","=""0.0000006""","=""25g""","=""4.10e+11""",A,"=""0.0000""","=""(1728.2309)""","=""1s2""","=""1S""","=""0""","=""1s.7p""","=""1P*""","=""1""",1,3,,"=""T5231c4,T5072""","=""L2304""",
"=""0.72256""","=""0.7224707""","=""0.0000006""","=""35g""","=""6.52e+11""",A+,"=""0.0000""","=""(1716.1140)""","=""1s2""","=""1S""","=""0""","=""1s.6p""","=""1P*""","=""1""",1,3,,"=""T5231c4,T5072""","=""L2560c7""",
"=""0.73102""","=""0.7310280""","=""0.0000006""","=""50g""","=""1.13e+12""",A+,"=""0.0000""","=""(1696.0254)""","=""1s2""","=""1S""","=""0""","=""1s.5p""","=""1P*""","=""1""",1,3,,"=""T5231c4,T5072""","=""L7418c8""",
"=""""","=""0.7312532""","=""0.0000006""","=""2g""","=""""",,"=""0.0000""","=""(1695.5030)""","=""1s2""","=""1S""","=""0""","=""1s.5p""","=""3P*""","=""1""",1,3,,"=""""","=""""",
"=""0.74738""","=""0.7473132""","=""0.0000007""","=""100g""","=""2.24e+12""",A+,"=""0.0000""","=""(1659.0660)""","=""1s2""","=""1S""","=""0""","=""1s.4p""","=""1P*""","=""1""",1,3,,"=""T5231c4,T5072""","=""L7418c8""",
"=""""","=""0.7477789""","=""0.0000007""","=""5g""","=""""",,"=""0.0000""","=""(1658.0329)""","=""1s2""","=""1S""","=""0""","=""1s.4p""","=""3P*""","=""1""",1,3,,"=""""","=""""",
"=""0.78509""","=""0.7850513""","=""0.0000008""","=""400g""","=""5.43e+12""",A+,"=""0.0000""","=""(1579.3133)""","=""1s2""","=""1S""","=""0""","=""1s.3p""","=""1P*""","=""1""",1,3,,"=""T5231c4,T5072""","=""L7418c8""",
"=""0.78612""","=""0.7863036""","=""0.0000007""","=""20g""","=""""",,"=""0.0000""","=""(1576.7981)""","=""1s2""","=""1S""","=""0""","=""1s.3p""","=""3P*""","=""1""",1,3,,"=""""","=""L4110c7""",
"=""0.84460""","=""0.84458""","=""0.00004""","=""""","=""""",,"=""(1352.248484)""","=""[2820.24]""","=""1s.2p""","=""1P*""","=""1""","=""2p2""","=""1S""","=""0""",3,1,,"=""""","=""L2560c7""",
"=""0.84917""","=""0.84959""","=""0.00004""","=""""","=""""",,"=""(1343.83638)""","=""[2803.18]""","=""1s.2s""","=""1S""","=""0""","=""2s.2p""","=""1P*""","=""1""",1,3,,"=""""","=""L2560c7""",
"=""0.85235""","=""0.85207""","=""0.00004""","=""*""","=""""",,"=""(1331.11204)""","=""[2786.20]""","=""1s.2s""","=""3S""","=""1""","=""2s.2p""","=""3P*""","=""2""",3,5,,"=""""","=""L2560c7""",
"=""0.85235""","=""0.85242""","=""0.00004""","=""*""","=""""",,"=""(1331.11204)""","=""[2785.60]""","=""1s.2s""","=""3S""","=""1""","=""2s.2p""","=""3P*""","=""1""",3,3,,"=""""","=""L2560c7""",
"=""0.85235""","=""0.85258""","=""0.00004""","=""*""","=""""",,"=""(1331.11204)""","=""[2785.33]""","=""1s.2s""","=""3S""","=""1""","=""2s.2p""","=""3P*""","=""0""",3,1,,"=""""","=""L2560c7""",
"=""0.85335""","=""0.85299""","=""0.00004""","=""*""","=""""",,"=""(1343.098984)""","=""[2796.62]""","=""1s.2p""","=""3P*""","=""1""","=""2p2""","=""3P""","=""2""",3,5,,"=""""","=""L2560c7""",
"=""0.85335""","=""0.85323""","=""0.00004""","=""*""","=""""",,"=""(1342.995806)""","=""[2796.10]""","=""1s.2p""","=""3P*""","=""0""","=""2p2""","=""3P""","=""1""",1,3,,"=""""","=""L2560c7""",
"=""0.85335""","=""0.85325""","=""0.00004""","=""*""","=""""",,"=""(1343.541917)""","=""[2796.62]""","=""1s.2p""","=""3P*""","=""2""","=""2p2""","=""3P""","=""2""",5,5,,"=""""","=""L2560c7""",
"=""0.85335""","=""0.85330""","=""0.00004""","=""*""","=""""",,"=""(1343.098984)""","=""[2796.10]""","=""1s.2p""","=""3P*""","=""1""","=""2p2""","=""3P""","=""1""",3,3,,"=""""","=""L2560c7""",
"=""0.85335""","=""0.85347""","=""0.00004""","=""*""","=""""",,"=""(1343.098984)""","=""[2795.81]""","=""1s.2p""","=""3P*""","=""1""","=""2p2""","=""3P""","=""0""",3,1,,"=""""","=""L2560c7""",
"=""0.85335""","=""0.85356""","=""0.00004""","=""*""","=""""",,"=""(1343.541917)""","=""[2796.10]""","=""1s.2p""","=""3P*""","=""2""","=""2p2""","=""3P""","=""1""",5,3,,"=""""","=""L2560c7""",
"=""0.85494""","=""0.85515""","=""0.00004""","=""""","=""""",,"=""(1352.248484)""","=""[2802.10]""","=""1s.2p""","=""1P*""","=""1""","=""2p2""","=""1D""","=""2""",3,5,,"=""""","=""L2560c7""",
"=""0.8574""","=""0.85839""","=""0.00004""","=""""","=""""",,"=""(1352.248484)""","=""[2796.62]""","=""1s.2p""","=""1P*""","=""1""","=""2p2""","=""3P""","=""2""",3,5,,"=""""","=""L2560c7""",
"=""0.85990""","=""0.85995""","=""0.00004""","=""""","=""""",,"=""(1343.83638)""","=""[2785.60]""","=""1s.2s""","=""1S""","=""0""","=""2s.2p""","=""3P*""","=""1""",1,3,,"=""""","=""L2560c7""",
"=""""","=""0.86699""","=""0.00004""","=""""","=""""",,"=""(1352.248484)""","=""[2782.30]""","=""1s.2p""","=""1P*""","=""1""","=""2s2""","=""1S""","=""0""",3,1,,"=""""","=""""",
"=""0.91689""","=""0.9168744""","=""0.0000007""","=""1000g""","=""1.96e+13""",A+,"=""0.0000""","=""(1352.248484)""","=""1s2""","=""1S""","=""0""","=""1s.2p""","=""1P*""","=""1""",1,3,,"=""T5231c4,T5072""","=""L7418c8""",
"=""""","=""0.9228160""","=""0.0000007""","=""g""","=""""",,"=""0.0000""","=""(1343.541917)""","=""1s2""","=""1S""","=""0""","=""1s.2p""","=""3P*""","=""2""",1,5,M2,"=""""","=""L2670""",
"=""0.92310""","=""0.9231203""","=""0.0000007""","=""50g""","=""""",,"=""0.0000""","=""(1343.098984)""","=""1s2""","=""1S""","=""0""","=""1s.2p""","=""3P*""","=""1""",1,3,,"=""""","=""L7418c8""",
"=""0.9316""","=""0.9314332""","=""0.0000007""","=""g""","=""""",,"=""0.0000""","=""(1331.11204)""","=""1s2""","=""1S""","=""0""","=""1s.2s""","=""3S""","=""1""",1,3,M1,"=""""","=""L2670""",
"=""""","=""3.087921""","=""0.000011""","=""""","=""9.02e+09""",A,"=""(1343.83638)""","=""(1745.3499)""","=""1s.2s""","=""1S""","=""0""","=""1s.10p""","=""1P*""","=""1""",1,3,,"=""T5231c4""","=""""",
"=""""","=""3.117885""","=""0.000011""","=""""","=""1.24e+10""",A,"=""(1343.83638)""","=""(1741.4912)""","=""1s.2s""","=""1S""","=""0""","=""1s.9p""","=""1P*""","=""1""",1,3,,"=""T5231c4""","=""""",
"=""""","=""3.160758""","=""0.000011""","=""""","=""1.76e+10""",A,"=""(1343.83638)""","=""(1736.0973)""","=""1s.2s""","=""1S""","=""0""","=""1s.8p""","=""1P*""","=""1""",1,3,,"=""T5231c4""","=""""",
"=""""","=""3.225441""","=""0.000009""","=""""","=""2.63e+10""",A,"=""(1343.83638)""","=""(1728.2309)""","=""1s.2s""","=""1S""","=""0""","=""1s.7p""","=""1P*""","=""1""",1,3,,"=""T5231c4""","=""""",
"=""""","=""3.330423""","=""0.000010""","=""""","=""4.17e+10""",A,"=""(1343.83638)""","=""(1716.1140)""","=""1s.2s""","=""1S""","=""0""","=""1s.6p""","=""1P*""","=""1""",1,3,,"=""T5231c4""","=""""",
"=""""","=""3.402241""","=""0.000010""","=""""","=""7.50e+10""",A,"=""(1331.11204)""","=""(1695.5312)""","=""1s.2s""","=""3S""","=""1""","=""1s.5p""","=""3P*""","=""2""",3,5,,"=""T5231c4,LS""","=""""",
"=""""","=""3.402505""","=""0.000010""","=""""","=""7.49e+10""",A,"=""(1331.11204)""","=""(1695.5030)""","=""1s.2s""","=""3S""","=""1""","=""1s.5p""","=""3P*""","=""1""",3,3,,"=""T5231c4,LS""","=""""",
"=""""","=""3.402573""","=""0.000010""","=""""","=""7.50e+10""",A,"=""(1331.11204)""","=""(1695.4957)""","=""1s.2s""","=""3S""","=""1""","=""1s.5p""","=""3P*""","=""0""",3,1,,"=""T5231c4,LS""","=""""",
"=""""","=""3.513231""","=""0.000025""","=""""","=""8.16e+10""",A,"=""(1342.995806)""","=""(1695.9022)""","=""1s.2p""","=""3P*""","=""0""","=""1s.5d""","=""3D""","=""1""",1,3,,"=""T5231c4,LS""","=""""",
"=""""","=""3.514259""","=""0.000025""","=""""","=""6.10e+10""",A,"=""(1343.098984)""","=""(1695.9022)""","=""1s.2p""","=""3P*""","=""1""","=""1s.5d""","=""3D""","=""1""",3,3,,"=""T5231c4,LS""","=""""",
"=""""","=""3.514242""","=""0.000025""","=""""","=""1.10e+11""",A,"=""(1343.098984)""","=""(1695.9040)""","=""1s.2p""","=""3P*""","=""1""","=""1s.5d""","=""3D""","=""2""",3,5,,"=""T5231c4,LS""","=""""",
"=""""","=""3.51857""","=""0.00003""","=""""","=""1.46e+11""",A,"=""(1343.541917)""","=""(1695.913)""","=""1s.2p""","=""3P*""","=""2""","=""1s.5d""","=""3D""","=""3""",5,7,,"=""T5231c4,LS""","=""""",
"=""""","=""3.518677""","=""0.000025""","=""""","=""4.06e+09""",A,"=""(1343.541917)""","=""(1695.9022)""","=""1s.2p""","=""3P*""","=""2""","=""1s.5d""","=""3D""","=""1""",5,3,,"=""T5231c4,LS""","=""""",
"=""""","=""3.518659""","=""0.000025""","=""""","=""3.66e+10""",A,"=""(1343.541917)""","=""(1695.9040)""","=""1s.2p""","=""3P*""","=""2""","=""1s.5d""","=""3D""","=""2""",5,5,,"=""T5231c4,LS""","=""""",
"=""""","=""3.520388""","=""0.000011""","=""""","=""7.19e+10""",A,"=""(1343.83638)""","=""(1696.0254)""","=""1s.2s""","=""1S""","=""0""","=""1s.5p""","=""1P*""","=""1""",1,3,,"=""T5231c4""","=""""",
"=""""","=""3.524049""","=""0.000024""","=""""","=""2.65e+09""",A,"=""(1342.995806)""","=""(1694.8190)""","=""1s.2p""","=""3P*""","=""0""","=""1s.5s""","=""3S""","=""1""",1,3,,"=""T5231c4,LS""","=""""",
"=""""","=""3.525082""","=""0.000024""","=""""","=""7.94e+09""",A,"=""(1343.098984)""","=""(1694.8190)""","=""1s.2p""","=""3P*""","=""1""","=""1s.5s""","=""3S""","=""1""",3,3,,"=""T5231c4,LS""","=""""",
"=""""","=""3.529527""","=""0.000024""","=""""","=""1.32e+10""",A,"=""(1343.541917)""","=""(1694.8190)""","=""1s.2p""","=""3P*""","=""2""","=""1s.5s""","=""3S""","=""1""",5,3,,"=""T5231c4,LS""","=""""",
"=""""","=""3.607428""","=""0.000023""","=""""","=""1.34e+11""",A,"=""(1352.248484)""","=""(1695.9399)""","=""1s.2p""","=""1P*""","=""1""","=""1s.5d""","=""1D""","=""2""",3,5,,"=""T5231c4""","=""""",
"=""""","=""3.612021""","=""0.000025""","=""""","=""2.27e+10""",A,"=""(1352.248484)""","=""(1695.5029)""","=""1s.2p""","=""1P*""","=""1""","=""1s.5s""","=""1S""","=""0""",3,1,,"=""T5231c4""","=""""",
"=""""","=""3.791843""","=""0.000013""","=""""","=""1.46e+11""",A,"=""(1331.11204)""","=""(1658.0881)""","=""1s.2s""","=""3S""","=""1""","=""1s.4p""","=""3P*""","=""2""",3,5,,"=""T5231c4,LS""","=""""",
"=""""","=""3.792484""","=""0.000013""","=""""","=""1.46e+11""",A,"=""(1331.11204)""","=""(1658.0329)""","=""1s.2s""","=""3S""","=""1""","=""1s.4p""","=""3P*""","=""1""",3,3,,"=""T5231c4,LS""","=""""",
"=""""","=""3.792648""","=""0.000013""","=""""","=""1.46e+11""",A,"=""(1331.11204)""","=""(1658.0187)""","=""1s.2s""","=""3S""","=""1""","=""1s.4p""","=""3P*""","=""0""",3,1,,"=""T5231c4,LS""","=""""",
"=""""","=""3.92572""","=""0.00003""","=""""","=""1.76e+11""",A,"=""(1342.995806)""","=""(1658.8208)""","=""1s.2p""","=""3P*""","=""0""","=""1s.4d""","=""3D""","=""1""",1,3,,"=""T5231c4,LS""","=""""",
"=""""","=""3.92701""","=""0.00003""","=""""","=""1.32e+11""",A,"=""(1343.098984)""","=""(1658.8208)""","=""1s.2p""","=""3P*""","=""1""","=""1s.4d""","=""3D""","=""1""",3,3,,"=""T5231c4,LS""","=""""",
"=""3.9278""","=""3.92697""","=""0.00003""","=""3""","=""2.38e+11""",A,"=""(1343.098984)""","=""(1658.8238)""","=""1s.2p""","=""3P*""","=""1""","=""1s.4d""","=""3D""","=""2""",3,5,,"=""T5231c4,LS""","=""L10489""",
"=""3.9318""","=""3.93225""","=""0.00003""","=""4""","=""3.17e+11""",A,"=""(1343.541917)""","=""(1658.843)""","=""1s.2p""","=""3P*""","=""2""","=""1s.4d""","=""3D""","=""3""",5,7,,"=""T5231c4,LS""","=""L10489""",
"=""""","=""3.93249""","=""0.00003""","=""""","=""7.89e+10""",A,"=""(1343.541917)""","=""(1658.8238)""","=""1s.2p""","=""3P*""","=""2""","=""1s.4d""","=""3D""","=""2""",5,5,,"=""T5231c4,LS""","=""""",
"=""""","=""3.93252""","=""0.00003""","=""""","=""8.77e+09""",A,"=""(1343.541917)""","=""(1658.8208)""","=""1s.2p""","=""3P*""","=""2""","=""1s.4d""","=""3D""","=""1""",5,3,,"=""T5231c4,LS""","=""""",
"=""""","=""3.933139""","=""0.000014""","=""""","=""1.40e+11""",A,"=""(1343.83638)""","=""(1659.0660)""","=""1s.2s""","=""1S""","=""0""","=""1s.4p""","=""1P*""","=""1""",1,3,,"=""T5231c4""","=""""",
"=""""","=""3.95252""","=""0.00003""","=""""","=""5.35e+09""",A,"=""(1342.995806)""","=""(1656.6795)""","=""1s.2p""","=""3P*""","=""0""","=""1s.4s""","=""3S""","=""1""",1,3,,"=""T5231c4,LS""","=""""",
"=""""","=""3.95382""","=""0.00003""","=""""","=""1.60e+10""",A,"=""(1343.098984)""","=""(1656.6795)""","=""1s.2p""","=""3P*""","=""1""","=""1s.4s""","=""3S""","=""1""",3,3,,"=""T5231c4,LS""","=""""",
"=""""","=""3.95942""","=""0.00003""","=""""","=""2.67e+10""",A,"=""(1343.541917)""","=""(1656.6795)""","=""1s.2p""","=""3P*""","=""2""","=""1s.4s""","=""3S""","=""1""",5,3,,"=""T5231c4,LS""","=""""",
"=""""","=""4.04329""","=""0.00003""","=""""","=""2.96e+11""",A,"=""(1352.248484)""","=""(1658.8900)""","=""1s.2p""","=""1P*""","=""1""","=""1s.4d""","=""1D""","=""2""",3,5,,"=""T5231c4""","=""""",
"=""""","=""4.05451""","=""0.00003""","=""""","=""4.55e+10""",A,"=""(1352.248484)""","=""(1658.0419)""","=""1s.2p""","=""1P*""","=""1""","=""1s.4s""","=""1S""","=""0""",3,1,,"=""T5231c4""","=""""",
"=""5.0450""","=""5.043759""","=""0.000023""","=""25""","=""3.30e+11""",A,"=""(1331.11204)""","=""(1576.9291)""","=""1s.2s""","=""3S""","=""1""","=""1s.3p""","=""3P*""","=""2""",3,5,,"=""T5231c4,LS""","=""L10489""",
"=""""","=""5.046448""","=""0.000023""","=""""","=""3.30e+11""",A,"=""(1331.11204)""","=""(1576.7981)""","=""1s.2s""","=""3S""","=""1""","=""1s.3p""","=""3P*""","=""1""",3,3,,"=""T5231c4,LS""","=""""",
"=""5.0472""","=""5.047123""","=""0.000023""","=""15""","=""3.30e+11""",A,"=""(1331.11204)""","=""(1576.7653)""","=""1s.2s""","=""3S""","=""1""","=""1s.3p""","=""3P*""","=""0""",3,1,,"=""T5231c4,LS""","=""L10489""",
"=""""","=""5.25984""","=""0.00003""","=""""","=""5.44e+11""",A,"=""(1342.995806)""","=""(1578.7145)""","=""1s.2p""","=""3P*""","=""0""","=""1s.3d""","=""3D""","=""1""",1,3,,"=""T5231c4,LS""","=""""",
"=""""","=""5.26214""","=""0.00003""","=""""","=""4.07e+11""",A,"=""(1343.098984)""","=""(1578.7145)""","=""1s.2p""","=""3P*""","=""1""","=""1s.3d""","=""3D""","=""1""",3,3,,"=""T5231c4,LS""","=""""",
"=""5.2625""","=""5.26203""","=""0.00003""","=""50bl?""","=""7.34e+11""",A,"=""(1343.098984)""","=""(1578.7194)""","=""1s.2p""","=""3P*""","=""1""","=""1s.3d""","=""3D""","=""2""",3,5,,"=""T5231c4,LS""","=""L10489""",
"=""""","=""5.26524""","=""0.00003""","=""""","=""3.18e+11""",A,"=""(1343.83638)""","=""(1579.3133)""","=""1s.2s""","=""1S""","=""0""","=""1s.3p""","=""1P*""","=""1""",1,3,,"=""T5231c4""","=""""",
"=""""","=""5.27194""","=""0.00003""","=""""","=""2.42e+11""",A,"=""(1343.541917)""","=""(1578.7194)""","=""1s.2p""","=""3P*""","=""2""","=""1s.3d""","=""3D""","=""2""",5,5,,"=""T5231c4,LS""","=""""",
"=""5.2721""","=""5.27088""","=""0.00003""","=""40""","=""9.74e+11""",A,"=""(1343.541917)""","=""(1578.7666)""","=""1s.2p""","=""3P*""","=""2""","=""1s.3d""","=""3D""","=""3""",5,7,,"=""T5231c4,LS""","=""L10489""",
"=""""","=""5.27205""","=""0.00003""","=""""","=""2.70e+10""",A,"=""(1343.541917)""","=""(1578.7145)""","=""1s.2p""","=""3P*""","=""2""","=""1s.3d""","=""3D""","=""1""",5,3,,"=""T5231c4,LS""","=""""",
"=""""","=""5.37872""","=""0.00006""","=""""","=""1.34e+10""",A,"=""(1342.995806)""","=""(1573.5044)""","=""1s.2p""","=""3P*""","=""0""","=""1s.3s""","=""3S""","=""1""",1,3,,"=""T5231c4,LS""","=""""",
"=""""","=""5.38113""","=""0.00006""","=""""","=""4.03e+10""",A,"=""(1343.098984)""","=""(1573.5044)""","=""1s.2p""","=""3P*""","=""1""","=""1s.3s""","=""3S""","=""1""",3,3,,"=""T5231c4,LS""","=""""",
"=""""","=""5.39150""","=""0.00006""","=""""","=""6.65e+10""",A,"=""(1343.541917)""","=""(1573.5044)""","=""1s.2p""","=""3P*""","=""2""","=""1s.3s""","=""3S""","=""1""",5,3,,"=""T5231c4,LS""","=""""",
"=""5.4729""","=""5.47140""","=""0.00003""","=""40""","=""9.37e+11""",A,"=""(1352.248484)""","=""(1578.8527)""","=""1s.2p""","=""1P*""","=""1""","=""1s.3d""","=""1D""","=""2""",3,5,,"=""T5231c4""","=""L10489""",
"=""""","=""5.51976""","=""0.00006""","=""""","=""1.12e+11""",A,"=""(1352.248484)""","=""(1576.8672)""","=""1s.2p""","=""1P*""","=""1""","=""1s.3s""","=""1S""","=""0""",3,1,,"=""T5231c4""","=""""",
"=""""","=""7.35887""","=""0.00012""","=""""","=""2.97e+09""",A,"=""(1576.8672)""","=""(1745.3499)""","=""1s.3s""","=""1S""","=""0""","=""1s.10p""","=""1P*""","=""1""",1,3,,"=""T5231c4""","=""""",
"=""""","=""7.44663""","=""0.00008""","=""""","=""2.04e+08""",A,"=""(1578.8527)""","=""(1745.3499)""","=""1s.3d""","=""1D""","=""2""","=""1s.10p""","=""1P*""","=""1""",5,3,,"=""T5231c4""","=""""",
"=""""","=""7.53136""","=""0.00013""","=""""","=""4.08e+09""",A,"=""(1576.8672)""","=""(1741.4912)""","=""1s.3s""","=""1S""","=""0""","=""1s.9p""","=""1P*""","=""1""",1,3,,"=""T5231c4""","=""""",
"=""""","=""7.62330""","=""0.00009""","=""""","=""2.85e+08""",A,"=""(1578.8527)""","=""(1741.4912)""","=""1s.3d""","=""1D""","=""2""","=""1s.9p""","=""1P*""","=""1""",5,3,,"=""T5231c4""","=""""",
"=""""","=""7.78648""","=""0.00014""","=""""","=""5.79e+09""",A,"=""(1576.8672)""","=""(1736.0973)""","=""1s.3s""","=""1S""","=""0""","=""1s.8p""","=""1P*""","=""1""",1,3,,"=""T5231c4""","=""""",
"=""""","=""7.88480""","=""0.00009""","=""""","=""4.15e+08""",A,"=""(1578.8527)""","=""(1736.0973)""","=""1s.3d""","=""1D""","=""2""","=""1s.8p""","=""1P*""","=""1""",5,3,,"=""T5231c4""","=""""",
"=""""","=""8.19114""","=""0.00015""","=""""","=""8.65e+09""",A,"=""(1576.8672)""","=""(1728.2309)""","=""1s.3s""","=""1S""","=""0""","=""1s.7p""","=""1P*""","=""1""",1,3,,"=""T5231c4""","=""""",
"=""""","=""8.30002""","=""0.00009""","=""""","=""6.46e+08""",A,"=""(1578.8527)""","=""(1728.2309)""","=""1s.3d""","=""1D""","=""2""","=""1s.7p""","=""1P*""","=""1""",5,3,,"=""T5231c4""","=""""",
"=""""","=""8.90392""","=""0.00017""","=""""","=""1.36e+10""",A,"=""(1576.8672)""","=""(1716.1140)""","=""1s.3s""","=""1S""","=""0""","=""1s.6p""","=""1P*""","=""1""",1,3,,"=""T5231c4""","=""""",
"=""""","=""9.03272""","=""0.00011""","=""""","=""1.09e+09""",A,"=""(1578.8527)""","=""(1716.1140)""","=""1s.3d""","=""1D""","=""2""","=""1s.6p""","=""1P*""","=""1""",5,3,,"=""T5231c4""","=""""",
"=""""","=""10.16041""","=""0.00023""","=""""","=""2.35e+10""",A,"=""(1573.5044)""","=""(1695.5312)""","=""1s.3s""","=""3S""","=""1""","=""1s.5p""","=""3P*""","=""2""",3,5,,"=""T5231c4,LS""","=""""",
"=""""","=""10.16276""","=""0.00023""","=""""","=""2.35e+10""",A,"=""(1573.5044)""","=""(1695.5030)""","=""1s.3s""","=""3S""","=""1""","=""1s.5p""","=""3P*""","=""1""",3,3,,"=""T5231c4,LS""","=""""",
"=""""","=""10.16337""","=""0.00023""","=""""","=""2.34e+10""",A,"=""(1573.5044)""","=""(1695.4957)""","=""1s.3s""","=""3S""","=""1""","=""1s.5p""","=""3P*""","=""0""",3,1,,"=""T5231c4,LS""","=""""",
"=""""","=""10.40502""","=""0.00024""","=""""","=""2.32e+10""",A,"=""(1576.8672)""","=""(1696.0254)""","=""1s.3s""","=""1S""","=""0""","=""1s.5p""","=""1P*""","=""1""",1,3,,"=""T5231c4""","=""""",
"=""""","=""10.40686""","=""0.00024""","=""""","=""2.81e+10""",A,"=""(1576.7653)""","=""(1695.9022)""","=""1s.3p""","=""3P*""","=""0""","=""1s.5d""","=""3D""","=""1""",1,3,,"=""T5231c4,LS""","=""""",
"=""""","=""10.40958""","=""0.00024""","=""""","=""3.80e+10""",A,"=""(1576.7981)""","=""(1695.9040)""","=""1s.3p""","=""3P*""","=""1""","=""1s.5d""","=""3D""","=""2""",3,5,,"=""T5231c4,LS""","=""""",
"=""""","=""10.40973""","=""0.00024""","=""""","=""2.11e+10""",A,"=""(1576.7981)""","=""(1695.9022)""","=""1s.3p""","=""3P*""","=""1""","=""1s.5d""","=""3D""","=""1""",3,3,,"=""T5231c4,LS""","=""""",
"=""""","=""10.4202""","=""0.0003""","=""""","=""5.05e+10""",A,"=""(1576.9291)""","=""(1695.913)""","=""1s.3p""","=""3P*""","=""2""","=""1s.5d""","=""3D""","=""3""",5,7,,"=""T5231c4,LS""","=""""",
"=""""","=""10.42104""","=""0.00024""","=""""","=""1.26e+10""",A,"=""(1576.9291)""","=""(1695.9040)""","=""1s.3p""","=""3P*""","=""2""","=""1s.5d""","=""3D""","=""2""",5,5,,"=""T5231c4,LS""","=""""",
"=""""","=""10.42119""","=""0.00024""","=""""","=""1.40e+09""",A,"=""(1576.9291)""","=""(1695.9022)""","=""1s.3p""","=""3P*""","=""2""","=""1s.5d""","=""3D""","=""1""",5,3,,"=""T5231c4,LS""","=""""",
"=""""","=""10.50235""","=""0.00023""","=""""","=""1.81e+09""",A,"=""(1576.7653)""","=""(1694.8190)""","=""1s.3p""","=""3P*""","=""0""","=""1s.5s""","=""3S""","=""1""",1,3,,"=""T5231c4,LS""","=""""",
"=""""","=""10.50528""","=""0.00023""","=""""","=""5.44e+09""",A,"=""(1576.7981)""","=""(1694.8190)""","=""1s.3p""","=""3P*""","=""1""","=""1s.5s""","=""3S""","=""1""",3,3,,"=""T5231c4,LS""","=""""",
"=""""","=""10.51695""","=""0.00023""","=""""","=""9.04e+09""",A,"=""(1576.9291)""","=""(1694.8190)""","=""1s.3p""","=""3P*""","=""2""","=""1s.5s""","=""3S""","=""1""",5,3,,"=""T5231c4,LS""","=""""",
"=""""","=""10.57672""","=""0.00018""","=""""","=""""",,"=""(1578.7145)""","=""(1695.9382)""","=""1s.3d""","=""3D""","=""1""","=""1s.5f""","=""3F*""","=""2""",3,5,,"=""""","=""""",
"=""""","=""10.57730""","=""0.00018""","=""""","=""""",,"=""(1578.7194)""","=""(1695.9367)""","=""1s.3d""","=""3D""","=""2""","=""1s.5f""","=""3F*""","=""3""",5,7,,"=""""","=""""",
"=""""","=""10.58090""","=""0.00018""","=""""","=""""",,"=""(1578.7666)""","=""(1695.9439)""","=""1s.3d""","=""3D""","=""3""","=""1s.5f""","=""3F*""","=""4""",7,9,,"=""""","=""""",
"=""""","=""10.58133""","=""0.00015""","=""""","=""2.09e+09""",A,"=""(1578.8527)""","=""(1696.0254)""","=""1s.3d""","=""1D""","=""2""","=""1s.5p""","=""1P*""","=""1""",5,3,,"=""T5231c4""","=""""",
"=""""","=""10.58859""","=""0.00018""","=""""","=""""",,"=""(1578.8527)""","=""(1695.9450)""","=""1s.3d""","=""1D""","=""2""","=""1s.5f""","=""1F*""","=""3""",5,7,,"=""""","=""""",
"=""""","=""10.61357""","=""0.00015""","=""""","=""2.55e+07""",A,"=""(1578.7145)""","=""(1695.5312)""","=""1s.3d""","=""3D""","=""1""","=""1s.5p""","=""3P*""","=""2""",3,5,,"=""T5231c4,LS""","=""""",
"=""""","=""10.61402""","=""0.00015""","=""""","=""3.83e+08""",A,"=""(1578.7194)""","=""(1695.5312)""","=""1s.3d""","=""3D""","=""2""","=""1s.5p""","=""3P*""","=""2""",5,5,,"=""T5231c4,LS""","=""""",
"=""""","=""10.61613""","=""0.00015""","=""""","=""6.39e+08""",A,"=""(1578.7145)""","=""(1695.5030)""","=""1s.3d""","=""3D""","=""1""","=""1s.5p""","=""3P*""","=""1""",3,3,,"=""T5231c4,LS""","=""""",
"=""""","=""10.61658""","=""0.00015""","=""""","=""1.91e+09""",A,"=""(1578.7194)""","=""(1695.5030)""","=""1s.3d""","=""3D""","=""2""","=""1s.5p""","=""3P*""","=""1""",5,3,,"=""T5231c4,LS""","=""""",
"=""""","=""10.61679""","=""0.00015""","=""""","=""2.56e+09""",A,"=""(1578.7145)""","=""(1695.4957)""","=""1s.3d""","=""3D""","=""1""","=""1s.5p""","=""3P*""","=""0""",3,1,,"=""T5231c4,LS""","=""""",
"=""""","=""10.61830""","=""0.00015""","=""""","=""2.15e+09""",A,"=""(1578.7666)""","=""(1695.5312)""","=""1s.3d""","=""3D""","=""3""","=""1s.5p""","=""3P*""","=""2""",7,5,,"=""T5231c4,LS""","=""""",
"=""""","=""10.63087""","=""0.00023""","=""""","=""4.96e+10""",A,"=""(1579.3133)""","=""(1695.9399)""","=""1s.3p""","=""1P*""","=""1""","=""1s.5d""","=""1D""","=""2""",3,5,,"=""T5231c4""","=""""",
"=""""","=""10.67086""","=""0.00024""","=""""","=""1.54e+10""",A,"=""(1579.3133)""","=""(1695.5029)""","=""1s.3p""","=""1P*""","=""1""","=""1s.5s""","=""1S""","=""0""",3,1,,"=""T5231c4""","=""""",
"=""""","=""14.2008""","=""0.0004""","=""""","=""1.38e+09""",A,"=""(1658.0419)""","=""(1745.3499)""","=""1s.4s""","=""1S""","=""0""","=""1s.10p""","=""1P*""","=""1""",1,3,,"=""T5231c4""","=""""",
"=""""","=""14.3401""","=""0.0004""","=""""","=""2.28e+08""",A,"=""(1658.8900)""","=""(1745.3499)""","=""1s.4d""","=""1D""","=""2""","=""1s.10p""","=""1P*""","=""1""",5,3,,"=""T5231c4""","=""""",
"=""""","=""14.6582""","=""0.0005""","=""""","=""4.28e+10""",A,"=""(1573.5044)""","=""(1658.0881)""","=""1s.3s""","=""3S""","=""1""","=""1s.4p""","=""3P*""","=""2""",3,5,,"=""T5231c4,LS""","=""""",
"=""""","=""14.6677""","=""0.0005""","=""""","=""4.28e+10""",A,"=""(1573.5044)""","=""(1658.0329)""","=""1s.3s""","=""3S""","=""1""","=""1s.4p""","=""3P*""","=""1""",3,3,,"=""T5231c4,LS""","=""""",
"=""""","=""14.6702""","=""0.0005""","=""""","=""4.29e+10""",A,"=""(1573.5044)""","=""(1658.0187)""","=""1s.3s""","=""3S""","=""1""","=""1s.4p""","=""3P*""","=""0""",3,1,,"=""T5231c4,LS""","=""""",
"=""""","=""14.8574""","=""0.0005""","=""""","=""1.88e+09""",A,"=""(1658.0419)""","=""(1741.4912)""","=""1s.4s""","=""1S""","=""0""","=""1s.9p""","=""1P*""","=""1""",1,3,,"=""T5231c4""","=""""",
"=""""","=""15.0100""","=""0.0005""","=""""","=""3.22e+08""",A,"=""(1658.8900)""","=""(1741.4912)""","=""1s.4d""","=""1D""","=""2""","=""1s.9p""","=""1P*""","=""1""",5,3,,"=""T5231c4""","=""""",
"=""""","=""15.0835""","=""0.0005""","=""""","=""4.25e+10""",A,"=""(1576.8672)""","=""(1659.0660)""","=""1s.3s""","=""1S""","=""0""","=""1s.4p""","=""1P*""","=""1""",1,3,,"=""T5231c4""","=""""",
"=""""","=""15.1098""","=""0.0005""","=""""","=""5.73e+10""",A,"=""(1576.7653)""","=""(1658.8208)""","=""1s.3p""","=""3P*""","=""0""","=""1s.4d""","=""3D""","=""1""",1,3,,"=""T5231c4,LS""","=""""",
"=""""","=""15.1153""","=""0.0005""","=""""","=""7.73e+10""",A,"=""(1576.7981)""","=""(1658.8238)""","=""1s.3p""","=""3P*""","=""1""","=""1s.4d""","=""3D""","=""2""",3,5,,"=""T5231c4,LS""","=""""",
"=""""","=""15.1158""","=""0.0005""","=""""","=""4.29e+10""",A,"=""(1576.7981)""","=""(1658.8208)""","=""1s.3p""","=""3P*""","=""1""","=""1s.4d""","=""3D""","=""1""",3,3,,"=""T5231c4,LS""","=""""",
"=""15.1356""","=""15.1360""","=""0.0005""","=""6""","=""1.03e+11""",A,"=""(1576.9291)""","=""(1658.843)""","=""1s.3p""","=""3P*""","=""2""","=""1s.4d""","=""3D""","=""3""",5,7,,"=""T5231c4,LS""","=""L10489""",
"=""""","=""15.1395""","=""0.0005""","=""""","=""2.56e+10""",A,"=""(1576.9291)""","=""(1658.8238)""","=""1s.3p""","=""3P*""","=""2""","=""1s.4d""","=""3D""","=""2""",5,5,,"=""T5231c4,LS""","=""""",
"=""""","=""15.1400""","=""0.0005""","=""""","=""2.85e+09""",A,"=""(1576.9291)""","=""(1658.8208)""","=""1s.3p""","=""3P*""","=""2""","=""1s.4d""","=""3D""","=""1""",5,3,,"=""T5231c4,LS""","=""""",
"=""""","=""15.4568""","=""0.0003""","=""""","=""4.84e+09""",A,"=""(1578.8527)""","=""(1659.0660)""","=""1s.3d""","=""1D""","=""2""","=""1s.4p""","=""1P*""","=""1""",5,3,,"=""T5231c4""","=""""",
"=""15.4687""","=""15.4645""","=""0.0005""","=""6*""","=""""",,"=""(1578.7145)""","=""(1658.8879)""","=""1s.3d""","=""3D""","=""1""","=""1s.4f""","=""3F*""","=""2""",3,5,,"=""""","=""L10489""",
"=""15.4687""","=""15.4660""","=""0.0005""","=""6*""","=""""",,"=""(1578.7194)""","=""(1658.8849)""","=""1s.3d""","=""3D""","=""2""","=""1s.4f""","=""3F*""","=""3""",5,7,,"=""""","=""L10489""",
"=""15.4734""","=""15.4724""","=""0.0005""","=""6""","=""""",,"=""(1578.7666)""","=""(1658.8990)""","=""1s.3d""","=""3D""","=""3""","=""1s.4f""","=""3F*""","=""4""",7,9,,"=""""","=""L10489""",
"=""""","=""15.4887""","=""0.0005""","=""""","=""""",,"=""(1578.8527)""","=""(1658.9011)""","=""1s.3d""","=""1D""","=""2""","=""1s.4f""","=""1F*""","=""3""",5,7,,"=""""","=""""",
"=""""","=""15.5147""","=""0.0005""","=""""","=""3.75e+09""",A,"=""(1576.7653)""","=""(1656.6795)""","=""1s.3p""","=""3P*""","=""0""","=""1s.4s""","=""3S""","=""1""",1,3,,"=""T5231c4,LS""","=""""",
"=""""","=""15.5210""","=""0.0005""","=""""","=""1.12e+10""",A,"=""(1576.7981)""","=""(1656.6795)""","=""1s.3p""","=""3P*""","=""1""","=""1s.4s""","=""3S""","=""1""",3,3,,"=""T5231c4,LS""","=""""",
"=""""","=""15.5465""","=""0.0005""","=""""","=""1.86e+10""",A,"=""(1576.9291)""","=""(1656.6795)""","=""1s.3p""","=""3P*""","=""2""","=""1s.4s""","=""3S""","=""1""",5,3,,"=""T5231c4,LS""","=""""",
"=""""","=""15.5805""","=""0.0005""","=""""","=""1.04e+11""",A,"=""(1579.3133)""","=""(1658.8900)""","=""1s.3p""","=""1P*""","=""1""","=""1s.4d""","=""1D""","=""2""",3,5,,"=""T5231c4""","=""""",
"=""""","=""15.6203""","=""0.0003""","=""""","=""5.95e+07""",A,"=""(1578.7145)""","=""(1658.0881)""","=""1s.3d""","=""3D""","=""1""","=""1s.4p""","=""3P*""","=""2""",3,5,,"=""T5231c4,LS""","=""""",
"=""""","=""15.6213""","=""0.0003""","=""""","=""8.94e+08""",A,"=""(1578.7194)""","=""(1658.0881)""","=""1s.3d""","=""3D""","=""2""","=""1s.4p""","=""3P*""","=""2""",5,5,,"=""T5231c4,LS""","=""""",
"=""""","=""15.6306""","=""0.0003""","=""""","=""5.01e+09""",A,"=""(1578.7666)""","=""(1658.0881)""","=""1s.3d""","=""3D""","=""3""","=""1s.4p""","=""3P*""","=""2""",7,5,,"=""T5231c4,LS""","=""""",
"=""""","=""15.6312""","=""0.0003""","=""""","=""1.49e+09""",A,"=""(1578.7145)""","=""(1658.0329)""","=""1s.3d""","=""3D""","=""1""","=""1s.4p""","=""3P*""","=""1""",3,3,,"=""T5231c4,LS""","=""""",
"=""""","=""15.6322""","=""0.0003""","=""""","=""4.46e+09""",A,"=""(1578.7194)""","=""(1658.0329)""","=""1s.3d""","=""3D""","=""2""","=""1s.4p""","=""3P*""","=""1""",5,3,,"=""T5231c4,LS""","=""""",
"=""""","=""15.6340""","=""0.0003""","=""""","=""5.94e+09""",A,"=""(1578.7145)""","=""(1658.0187)""","=""1s.3d""","=""3D""","=""1""","=""1s.4p""","=""3P*""","=""0""",3,1,,"=""T5231c4,LS""","=""""",
"=""""","=""15.7483""","=""0.0005""","=""""","=""3.15e+10""",A,"=""(1579.3133)""","=""(1658.0419)""","=""1s.3p""","=""1P*""","=""1""","=""1s.4s""","=""1S""","=""0""",3,1,,"=""T5231c4""","=""""",
"=""""","=""15.8841""","=""0.0006""","=""""","=""2.69e+09""",A,"=""(1658.0419)""","=""(1736.0973)""","=""1s.4s""","=""1S""","=""0""","=""1s.8p""","=""1P*""","=""1""",1,3,,"=""T5231c4""","=""""",
"=""""","=""16.0586""","=""0.0005""","=""""","=""4.79e+08""",A,"=""(1658.8900)""","=""(1736.0973)""","=""1s.4d""","=""1D""","=""2""","=""1s.8p""","=""1P*""","=""1""",5,3,,"=""T5231c4""","=""""",
"=""""","=""17.6643""","=""0.0007""","=""""","=""3.98e+09""",A,"=""(1658.0419)""","=""(1728.2309)""","=""1s.4s""","=""1S""","=""0""","=""1s.7p""","=""1P*""","=""1""",1,3,,"=""T5231c4""","=""""",
"=""""","=""17.8804""","=""0.0006""","=""""","=""7.58e+08""",A,"=""(1658.8900)""","=""(1728.2309)""","=""1s.4d""","=""1D""","=""2""","=""1s.7p""","=""1P*""","=""1""",5,3,,"=""T5231c4""","=""""",
"=""""","=""21.3501""","=""0.0010""","=""""","=""6.20e+09""",A,"=""(1658.0419)""","=""(1716.1140)""","=""1s.4s""","=""1S""","=""0""","=""1s.6p""","=""1P*""","=""1""",1,3,,"=""T5231c4""","=""""",
"=""""","=""21.6665""","=""0.0009""","=""""","=""1.32e+09""",A,"=""(1658.8900)""","=""(1716.1140)""","=""1s.4d""","=""1D""","=""2""","=""1s.6p""","=""1P*""","=""1""",5,3,,"=""T5231c4""","=""""",
"=""""","=""24.8730""","=""0.0014""","=""""","=""7.69e+08""",A,"=""(1695.5029)""","=""(1745.3499)""","=""1s.5s""","=""1S""","=""0""","=""1s.10p""","=""1P*""","=""1""",1,3,,"=""T5231c4""","=""""",
"=""""","=""25.0930""","=""0.0013""","=""""","=""2.12e+08""",A,"=""(1695.9399)""","=""(1745.3499)""","=""1s.5d""","=""1D""","=""2""","=""1s.10p""","=""1P*""","=""1""",5,3,,"=""T5231c4""","=""""",
"=""""","=""26.9599""","=""0.0016""","=""""","=""1.06e+09""",A,"=""(1695.5029)""","=""(1741.4912)""","=""1s.5s""","=""1S""","=""0""","=""1s.9p""","=""1P*""","=""1""",1,3,,"=""T5231c4""","=""""",
"=""""","=""27.2186""","=""0.0016""","=""""","=""3.03e+08""",A,"=""(1695.9399)""","=""(1741.4912)""","=""1s.5d""","=""1D""","=""2""","=""1s.9p""","=""1P*""","=""1""",5,3,,"=""T5231c4""","=""""",
"=""""","=""30.5422""","=""0.0020""","=""""","=""1.50e+09""",A,"=""(1695.5029)""","=""(1736.0973)""","=""1s.5s""","=""1S""","=""0""","=""1s.8p""","=""1P*""","=""1""",1,3,,"=""T5231c4""","=""""",
"=""""","=""30.8746""","=""0.0020""","=""""","=""4.59e+08""",A,"=""(1695.9399)""","=""(1736.0973)""","=""1s.5d""","=""1D""","=""2""","=""1s.8p""","=""1P*""","=""1""",5,3,,"=""T5231c4""","=""""",
"=""""","=""31.9121""","=""0.0021""","=""""","=""1.01e+10""",A,"=""(1656.6795)""","=""(1695.5312)""","=""1s.4s""","=""3S""","=""1""","=""1s.5p""","=""3P*""","=""2""",3,5,,"=""T5231c4,LS""","=""""",
"=""""","=""31.9353""","=""0.0021""","=""""","=""1.01e+10""",A,"=""(1656.6795)""","=""(1695.5030)""","=""1s.4s""","=""3S""","=""1""","=""1s.5p""","=""3P*""","=""1""",3,3,,"=""T5231c4,LS""","=""""",
"=""""","=""31.9413""","=""0.0021""","=""""","=""1.00e+10""",A,"=""(1656.6795)""","=""(1695.4957)""","=""1s.4s""","=""3S""","=""1""","=""1s.5p""","=""3P*""","=""0""",3,1,,"=""T5231c4,LS""","=""""",
"=""""","=""32.6417""","=""0.0022""","=""""","=""1.01e+10""",A,"=""(1658.0419)""","=""(1696.0254)""","=""1s.4s""","=""1S""","=""0""","=""1s.5p""","=""1P*""","=""1""",1,3,,"=""T5231c4""","=""""",
"=""""","=""32.7278""","=""0.0023""","=""""","=""1.19e+10""",A,"=""(1658.0187)""","=""(1695.9022)""","=""1s.4p""","=""3P*""","=""0""","=""1s.5d""","=""3D""","=""1""",1,3,,"=""T5231c4,LS""","=""""",
"=""""","=""32.7385""","=""0.0024""","=""""","=""1.60e+10""",A,"=""(1658.0329)""","=""(1695.9040)""","=""1s.4p""","=""3P*""","=""1""","=""1s.5d""","=""3D""","=""2""",3,5,,"=""T5231c4,LS""","=""""",
"=""""","=""32.7400""","=""0.0024""","=""""","=""8.90e+09""",A,"=""(1658.0329)""","=""(1695.9022)""","=""1s.4p""","=""3P*""","=""1""","=""1s.5d""","=""3D""","=""1""",3,3,,"=""T5231c4,LS""","=""""",
"=""""","=""32.778""","=""0.003""","=""""","=""2.13e+10""",A,"=""(1658.0881)""","=""(1695.913)""","=""1s.4p""","=""3P*""","=""2""","=""1s.5d""","=""3D""","=""3""",5,7,,"=""T5231c4,LS""","=""""",
"=""""","=""32.7863""","=""0.0024""","=""""","=""5.32e+09""",A,"=""(1658.0881)""","=""(1695.9040)""","=""1s.4p""","=""3P*""","=""2""","=""1s.5d""","=""3D""","=""2""",5,5,,"=""T5231c4,LS""","=""""",
"=""""","=""32.7878""","=""0.0024""","=""""","=""5.92e+08""",A,"=""(1658.0881)""","=""(1695.9022)""","=""1s.4p""","=""3P*""","=""2""","=""1s.5d""","=""3D""","=""1""",5,3,,"=""T5231c4,LS""","=""""",
"=""""","=""33.3871""","=""0.0022""","=""""","=""2.63e+09""",A,"=""(1658.8900)""","=""(1696.0254)""","=""1s.4d""","=""1D""","=""2""","=""1s.5p""","=""1P*""","=""1""",5,3,,"=""T5231c4""","=""""",
"=""""","=""33.6239""","=""0.0023""","=""""","=""2.20e+10""",A,"=""(1659.0660)""","=""(1695.9399)""","=""1s.4p""","=""1P*""","=""1""","=""1s.5d""","=""1D""","=""2""",3,5,,"=""T5231c4""","=""""",
"=""""","=""33.6911""","=""0.0024""","=""""","=""1.29e+09""",A,"=""(1658.0187)""","=""(1694.8190)""","=""1s.4p""","=""3P*""","=""0""","=""1s.5s""","=""3S""","=""1""",1,3,,"=""T5231c4,LS""","=""""",
"=""""","=""33.7041""","=""0.0024""","=""""","=""3.87e+09""",A,"=""(1658.0329)""","=""(1694.8190)""","=""1s.4p""","=""3P*""","=""1""","=""1s.5s""","=""3S""","=""1""",3,3,,"=""T5231c4,LS""","=""""",
"=""""","=""33.7548""","=""0.0024""","=""""","=""6.42e+09""",A,"=""(1658.0881)""","=""(1694.8190)""","=""1s.4p""","=""3P*""","=""2""","=""1s.5s""","=""3S""","=""1""",5,3,,"=""T5231c4,LS""","=""""",
"=""""","=""33.774""","=""0.003""","=""""","=""3.17e+07""",A,"=""(1658.8208)""","=""(1695.5312)""","=""1s.4d""","=""3D""","=""1""","=""1s.5p""","=""3P*""","=""2""",3,5,,"=""T5231c4,LS""","=""""",
"=""""","=""33.7763""","=""0.0024""","=""""","=""4.75e+08""",A,"=""(1658.8238)""","=""(1695.5312)""","=""1s.4d""","=""3D""","=""2""","=""1s.5p""","=""3P*""","=""2""",5,5,,"=""T5231c4,LS""","=""""",
"=""""","=""33.794""","=""0.003""","=""""","=""2.66e+09""",A,"=""(1658.843)""","=""(1695.5312)""","=""1s.4d""","=""3D""","=""3""","=""1s.5p""","=""3P*""","=""2""",7,5,,"=""T5231c4,LS""","=""""",
"=""""","=""33.800""","=""0.003""","=""""","=""7.88e+08""",A,"=""(1658.8208)""","=""(1695.5030)""","=""1s.4d""","=""3D""","=""1""","=""1s.5p""","=""3P*""","=""1""",3,3,,"=""T5231c4,LS""","=""""",
"=""""","=""33.8023""","=""0.0024""","=""""","=""2.37e+09""",A,"=""(1658.8238)""","=""(1695.5030)""","=""1s.4d""","=""3D""","=""2""","=""1s.5p""","=""3P*""","=""1""",5,3,,"=""T5231c4,LS""","=""""",
"=""""","=""33.806""","=""0.003""","=""""","=""3.17e+09""",A,"=""(1658.8208)""","=""(1695.4957)""","=""1s.4d""","=""3D""","=""1""","=""1s.5p""","=""3P*""","=""0""",3,1,,"=""T5231c4,LS""","=""""",
"=""""","=""34.0272""","=""0.0024""","=""""","=""1.09e+10""",A,"=""(1659.0660)""","=""(1695.5029)""","=""1s.4p""","=""1P*""","=""1""","=""1s.5s""","=""1S""","=""0""",3,1,,"=""T5231c4""","=""""",
"=""""","=""37.883""","=""0.003""","=""""","=""2.20e+09""",A,"=""(1695.5029)""","=""(1728.2309)""","=""1s.5s""","=""1S""","=""0""","=""1s.7p""","=""1P*""","=""1""",1,3,,"=""T5231c4""","=""""",
"=""""","=""38.396""","=""0.003""","=""""","=""7.50e+08""",A,"=""(1695.9399)""","=""(1728.2309)""","=""1s.5d""","=""1D""","=""2""","=""1s.7p""","=""1P*""","=""1""",5,3,,"=""T5231c4""","=""""",
"=""""","=""60.154""","=""0.008""","=""""","=""3.30e+09""",A,"=""(1695.5029)""","=""(1716.1140)""","=""1s.5s""","=""1S""","=""0""","=""1s.6p""","=""1P*""","=""1""",1,3,,"=""T5231c4""","=""""",
"=""""","=""61.457""","=""0.008""","=""""","=""1.35e+09""",A,"=""(1695.9399)""","=""(1716.1140)""","=""1s.5d""","=""1D""","=""2""","=""1s.6p""","=""1P*""","=""1""",5,3,,"=""T5231c4""","=""""",
"=""""","=""61.619""","=""0.006""","=""*""","=""""",,"=""(1695.9496)""","=""(1716.0707)""","=""1s.5g""","=""1G""","=""4""","=""1s.6h""","=""1H*""","=""5""",9,11,,"=""""","=""""",
"=""""","=""61.618""","=""0.006""","=""*""","=""""",,"=""(1695.9490)""","=""(1716.0705)""","=""1s.5g""","=""3G""","=""5""","=""1s.6h""","=""3H*""","=""6""",11,13,,"=""""","=""""",
"=""""","=""61.623""","=""0.006""","=""*""","=""""",,"=""(1695.9490)""","=""(1716.0689)""","=""1s.5g""","=""3G""","=""5""","=""1s.6h""","=""3H*""","=""5""",11,11,,"=""""","=""""",
"=""""","=""61.622""","=""0.006""","=""*""","=""""",,"=""(1695.9490)""","=""(1716.0693)""","=""1s.5g""","=""3G""","=""5""","=""1s.6h""","=""3H*""","=""4""",11,9,,"=""""","=""""",
"=""""","=""61.609""","=""0.006""","=""*""","=""""",,"=""(1695.9446)""","=""(1716.0689)""","=""1s.5g""","=""3G""","=""4""","=""1s.6h""","=""3H*""","=""5""",9,11,,"=""""","=""""",
"=""""","=""61.608""","=""0.006""","=""*""","=""""",,"=""(1695.9446)""","=""(1716.0693)""","=""1s.5g""","=""3G""","=""4""","=""1s.6h""","=""3H*""","=""4""",9,9,,"=""""","=""""",
"=""""","=""61.611""","=""0.006""","=""*""","=""""",,"=""(1695.9455)""","=""(1716.0693)""","=""1s.5g""","=""3G""","=""3""","=""1s.6h""","=""3H*""","=""4""",7,9,,"=""""","=""""",
"=""99.738""","=""99.7469""","=""0.0009""","=""""","=""1.46e+08""",A,"=""(1331.11204)""","=""(1343.541917)""","=""1s.2s""","=""3S""","=""1""","=""1s.2p""","=""3P*""","=""2""",3,5,,"=""T5231c4,LS""","=""L6360""",
"=""103.431""","=""103.4327""","=""0.0010""","=""""","=""1.31e+08""",A,"=""(1331.11204)""","=""(1343.098984)""","=""1s.2s""","=""3S""","=""1""","=""1s.2p""","=""3P*""","=""1""",3,3,,"=""T5231c4,LS""","=""L6360""",
"=""104.329""","=""104.3307""","=""0.0010""","=""""","=""1.27e+08""",A,"=""(1331.11204)""","=""(1342.995806)""","=""1s.2s""","=""3S""","=""1""","=""1s.2p""","=""3P*""","=""0""",3,1,,"=""T5231c4,LS""","=""L6360""",
"=""""","=""147.3878""","=""0.0020""","=""""","=""4.72e+07""",A,"=""(1343.83638)""","=""(1352.248484)""","=""1s.2s""","=""1S""","=""0""","=""1s.2p""","=""1P*""","=""1""",1,3,,"=""T5231c4""","=""""",
"=""""","=""362.0""","=""0.3""","=""""","=""1.86e+07""",A,"=""(1573.5044)""","=""(1576.9291)""","=""1s.3s""","=""3S""","=""1""","=""1s.3p""","=""3P*""","=""2""",3,5,,"=""T5231c4,LS""","=""""",
"=""""","=""376.4""","=""0.3""","=""""","=""1.66e+07""",A,"=""(1573.5044)""","=""(1576.7981)""","=""1s.3s""","=""3S""","=""1""","=""1s.3p""","=""3P*""","=""1""",3,3,,"=""T5231c4,LS""","=""""",
"=""""","=""380.2""","=""0.3""","=""""","=""1.60e+07""",A,"=""(1573.5044)""","=""(1576.7653)""","=""1s.3s""","=""3S""","=""1""","=""1s.3p""","=""3P*""","=""0""",3,1,,"=""T5231c4,LS""","=""""",
"=""""","=""506.9""","=""0.6""","=""""","=""6.94e+06""",A,"=""(1576.8672)""","=""(1579.3133)""","=""1s.3s""","=""1S""","=""0""","=""1s.3p""","=""1P*""","=""1""",1,3,,"=""T5231c4""","=""""",
"=""""","=""636.1""","=""0.5""","=""""","=""1.47e+06""",A,"=""(1576.7653)""","=""(1578.7145)""","=""1s.3p""","=""3P*""","=""0""","=""1s.3d""","=""3D""","=""1""",1,3,,"=""T5231c4,LS""","=""""",
"=""""","=""645.3""","=""0.6""","=""""","=""1.90e+06""",A,"=""(1576.7981)""","=""(1578.7194)""","=""1s.3p""","=""3P*""","=""1""","=""1s.3d""","=""3D""","=""2""",3,5,,"=""T5231c4,LS""","=""""",
"=""""","=""647.0""","=""0.6""","=""""","=""1.05e+06""",A,"=""(1576.7981)""","=""(1578.7145)""","=""1s.3p""","=""3P*""","=""1""","=""1s.3d""","=""3D""","=""1""",3,3,,"=""T5231c4,LS""","=""""",
"=""""","=""674.8""","=""0.6""","=""""","=""2.22e+06""",A,"=""(1576.9291)""","=""(1578.7666)""","=""1s.3p""","=""3P*""","=""2""","=""1s.3d""","=""3D""","=""3""",5,7,,"=""T5231c4,LS""","=""""",
"=""""","=""692.5""","=""0.6""","=""""","=""5.13e+05""",A,"=""(1576.9291)""","=""(1578.7194)""","=""1s.3p""","=""3P*""","=""2""","=""1s.3d""","=""3D""","=""2""",5,5,,"=""T5231c4,LS""","=""""",
"=""""","=""694.4""","=""0.6""","=""""","=""5.65e+04""",A,"=""(1576.9291)""","=""(1578.7145)""","=""1s.3p""","=""3P*""","=""2""","=""1s.3d""","=""3D""","=""1""",5,3,,"=""T5231c4,LS""","=""""",
"=""""","=""880.2""","=""1.6""","=""""","=""4.37e+06""",A,"=""(1656.6795)""","=""(1658.0881)""","=""1s.4s""","=""3S""","=""1""","=""1s.4p""","=""3P*""","=""2""",3,5,,"=""T5231c4,LS""","=""""",
"=""""","=""916.1""","=""1.8""","=""""","=""3.88e+06""",A,"=""(1656.6795)""","=""(1658.0329)""","=""1s.4s""","=""3S""","=""1""","=""1s.4p""","=""3P*""","=""1""",3,3,,"=""T5231c4,LS""","=""""",
"=""""","=""925.8""","=""1.8""","=""""","=""3.76e+06""",A,"=""(1656.6795)""","=""(1658.0187)""","=""1s.4s""","=""3S""","=""1""","=""1s.4p""","=""3P*""","=""0""",3,1,,"=""T5231c4,LS""","=""""",
"=""""","=""1211""","=""3""","=""""","=""1.73e+06""",A,"=""(1658.0419)""","=""(1659.0660)""","=""1s.4s""","=""1S""","=""0""","=""1s.4p""","=""1P*""","=""1""",1,3,,"=""T5231c4""","=""""",
"=""""","=""1546""","=""5""","=""""","=""4.59e+05""",A,"=""(1658.0187)""","=""(1658.8208)""","=""1s.4p""","=""3P*""","=""0""","=""1s.4d""","=""3D""","=""1""",1,3,,"=""T5231c4,LS""","=""""",
"=""""","=""1568""","=""5""","=""""","=""5.92e+05""",A,"=""(1658.0329)""","=""(1658.8238)""","=""1s.4p""","=""3P*""","=""1""","=""1s.4d""","=""3D""","=""2""",3,5,,"=""T5231c4,LS""","=""""",
"=""""","=""1574""","=""5""","=""""","=""3.28e+05""",A,"=""(1658.0329)""","=""(1658.8208)""","=""1s.4p""","=""3P*""","=""1""","=""1s.4d""","=""3D""","=""1""",3,3,,"=""T5231c4,LS""","=""""",
"=""""","=""1643""","=""6""","=""""","=""6.91e+05""",A,"=""(1658.0881)""","=""(1658.843)""","=""1s.4p""","=""3P*""","=""2""","=""1s.4d""","=""3D""","=""3""",5,7,,"=""T5231c4,LS""","=""""",
"=""""","=""1685""","=""6""","=""""","=""1.59e+05""",A,"=""(1658.0881)""","=""(1658.8238)""","=""1s.4p""","=""3P*""","=""2""","=""1s.4d""","=""3D""","=""2""",5,5,,"=""T5231c4,LS""","=""""",
"=""""","=""1692""","=""6""","=""""","=""1.76e+04""",A,"=""(1658.0881)""","=""(1658.8208)""","=""1s.4p""","=""3P*""","=""2""","=""1s.4d""","=""3D""","=""1""",5,3,,"=""T5231c4,LS""","=""""",
"=""""","=""1741""","=""6""","=""""","=""1.42e+06""",A,"=""(1694.8190)""","=""(1695.5312)""","=""1s.5s""","=""3S""","=""1""","=""1s.5p""","=""3P*""","=""2""",3,5,,"=""T5231c4,LS""","=""""",
"=""""","=""1813""","=""7""","=""""","=""1.25e+06""",A,"=""(1694.8190)""","=""(1695.5030)""","=""1s.5s""","=""3S""","=""1""","=""1s.5p""","=""3P*""","=""1""",3,3,,"=""T5231c4,LS""","=""""",
"=""""","=""1832""","=""7""","=""""","=""1.22e+06""",A,"=""(1694.8190)""","=""(1695.4957)""","=""1s.5s""","=""3S""","=""1""","=""1s.5p""","=""3P*""","=""0""",3,1,,"=""T5231c4,LS""","=""""",
"=""""","=""2373""","=""12""","=""""","=""5.72e+05""",A,"=""(1695.5029)""","=""(1696.0254)""","=""1s.5s""","=""1S""","=""0""","=""1s.5p""","=""1P*""","=""1""",1,3,,"=""T5231c4""","=""""",
"=""""","=""2692""","=""10""","=""""","=""5.75e+04""",A,"=""(1578.8527)""","=""(1579.3133)""","=""1s.3d""","=""1D""","=""2""","=""1s.3p""","=""1P*""","=""1""",5,3,,"=""T5231c4""","=""""",
"=""""","=""3050""","=""20""","=""""","=""1.63e+05""",A,"=""(1695.4957)""","=""(1695.9022)""","=""1s.5p""","=""3P*""","=""0""","=""1s.5d""","=""3D""","=""1""",1,3,,"=""T5231c4,LS""","=""""",
"=""""","=""3092""","=""21""","=""""","=""2.10e+05""",A,"=""(1695.5030)""","=""(1695.9040)""","=""1s.5p""","=""3P*""","=""1""","=""1s.5d""","=""3D""","=""2""",3,5,,"=""T5231c4,LS""","=""""",
"=""""","=""3105""","=""21""","=""""","=""1.16e+05""",A,"=""(1695.5030)""","=""(1695.9022)""","=""1s.5p""","=""3P*""","=""1""","=""1s.5d""","=""3D""","=""1""",3,3,,"=""T5231c4,LS""","=""""",
"=""""","=""3245""","=""25""","=""""","=""2.45e+05""",A,"=""(1695.5312)""","=""(1695.913)""","=""1s.5p""","=""3P*""","=""2""","=""1s.5d""","=""3D""","=""3""",5,7,,"=""T5231c4,LS""","=""""",
"=""""","=""3326""","=""24""","=""""","=""5.64e+04""",A,"=""(1695.5312)""","=""(1695.9040)""","=""1s.5p""","=""3P*""","=""2""","=""1s.5d""","=""3D""","=""2""",5,5,,"=""T5231c4,LS""","=""""",
"=""""","=""3342""","=""24""","=""""","=""6.22e+03""",A,"=""(1695.5312)""","=""(1695.9022)""","=""1s.5p""","=""3P*""","=""2""","=""1s.5d""","=""3D""","=""1""",5,3,,"=""T5231c4,LS""","=""""",
"=""""","=""7042""","=""100""","=""""","=""1.42e+04""",A,"=""(1658.8900)""","=""(1659.0660)""","=""1s.4d""","=""1D""","=""2""","=""1s.4p""","=""1P*""","=""1""",5,3,,"=""T5231c4""","=""""",
"=""""","=""14510""","=""420""","=""""","=""4.20e+03""",A,"=""(1695.9399)""","=""(1696.0254)""","=""1s.5d""","=""1D""","=""2""","=""1s.5p""","=""1P*""","=""1""",5,3,,"=""T5231c4""","=""""",
