obs_wl_vac(nm),ritz_wl_vac(nm),intens,Aki(s^-1),Acc,Ei(eV),Ek(eV),conf_i,term_i,J_i,conf_k,term_k,J_k,g_i,g_k,Type,tp_ref,line_ref,
"=""""","=""7.418""","=""20*""","=""""",,"=""30.67648""","=""197.82""","=""2p6.3d""","=""2D""","=""3/2""","=""2p5.3s.(1P*).3d""","=""2D*""","=""5/2""",4,6,,"=""""","=""L10889""",
"=""7.418""","=""7.418""","=""20*""","=""""",,"=""30.68051""","=""197.82""","=""2p6.3d""","=""2D""","=""5/2""","=""2p5.3s.(1P*).3d""","=""2D*""","=""5/2""",6,6,,"=""""","=""L10889""",
"=""7.442""","=""7.442""","=""26*""","=""""",,"=""30.68051""","=""197.28""","=""2p6.3d""","=""2D""","=""5/2""","=""2p5.3s.(1P*).3d""","=""2F*""","=""7/2""",6,8,,"=""""","=""L10889""",
"=""7.442""","=""7.442""","=""26*""","=""""",,"=""30.67648""","=""197.28""","=""2p6.3d""","=""2D""","=""3/2""","=""2p5.3s.(1P*).3d""","=""2F*""","=""5/2""",4,6,,"=""""","=""L10889""",
"=""7.485""","=""7.485""","=""28*""","=""""",,"=""30.67648""","=""196.33""","=""2p6.3d""","=""2D""","=""3/2""","=""2p5.3s.(3P*).3d""","=""4D*""","=""5/2""",4,6,,"=""""","=""L10889""",
"=""7.485""","=""7.485""","=""28*""","=""""",,"=""30.68051""","=""196.33""","=""2p6.3d""","=""2D""","=""5/2""","=""2p5.3s.(3P*).3d""","=""4D*""","=""7/2""",6,8,,"=""""","=""L10889""",
"=""7.534""","=""7.512573""","=""29*""","=""""",,"=""30.67648""","=""195.71208+x""","=""2p6.3d""","=""2D""","=""3/2""","=""2p5.3s.(3P*).3d""","=""4F*""","=""3/2""",4,4,,"=""""","=""L10889""",
"=""7.534""","=""7.525234""","=""29*""","=""""",,"=""30.67648""","=""195.43441+x""","=""2p6.3d""","=""2D""","=""3/2""","=""2p5.3s.(3P*).3d""","=""4F*""","=""5/2""",4,6,,"=""""","=""L10889""",
"=""7.534""","=""7.536719""","=""29*""","=""""",,"=""30.68051""","=""195.18737+x""","=""2p6.3d""","=""2D""","=""5/2""","=""2p5.3s.(3P*).3d""","=""4F*""","=""7/2""",6,8,,"=""""","=""L10889""",
"=""7.563""","=""""","=""147*""","=""""",,"=""13.12665""","=""""","=""2p6.3p""","=""2P*""","=""1/2""","=""2p5.3s.(1P*).3p""","=""2P""","=""3/2""",2,4,,"=""""","=""L10889""",
"=""7.563""","=""""","=""147*""","=""""",,"=""13.28338""","=""""","=""2p6.3p""","=""2P*""","=""3/2""","=""2p5.3s.(1P*).3p""","=""2P""","=""3/2""",4,4,,"=""""","=""L10889""",
"=""7.563""","=""""","=""147*""","=""""",,"=""13.28338""","=""""","=""2p6.3p""","=""2P*""","=""3/2""","=""2p5.3s.(1P*).3p""","=""2D""","=""5/2""",4,6,,"=""""","=""L10889""",
"=""7.563""","=""""","=""147*""","=""""",,"=""13.12665""","=""""","=""2p6.3p""","=""2P*""","=""1/2""","=""2p5.3s.(1P*).3p""","=""2D""","=""3/2""",2,4,,"=""""","=""L10889""",
"=""7.612""","=""7.607388""","=""63*""","=""""",,"=""13.12665""","=""176.10532+x""","=""2p6.3p""","=""2P*""","=""1/2""","=""2p5.3s.(3P*).3p""","=""4P""","=""3/2""",2,4,,"=""""","=""L10889""",
"=""7.612""","=""7.614711""","=""63*""","=""""",,"=""13.28338""","=""176.10532+x""","=""2p6.3p""","=""2P*""","=""3/2""","=""2p5.3s.(3P*).3p""","=""4P""","=""3/2""",4,4,,"=""""","=""L10889""",
"=""7.612""","=""7.621616""","=""63*""","=""""",,"=""13.28338""","=""175.95780+x""","=""2p6.3p""","=""2P*""","=""3/2""","=""2p5.3s.(3P*).3p""","=""4P""","=""5/2""",4,6,,"=""""","=""L10889""",
"=""7.650""","=""7.649666""","=""11""","=""""",,"=""13.12665""","=""175.20459+x""","=""2p6.3p""","=""2P*""","=""1/2""","=""2p5.3s.(3P*).3p""","=""4D""","=""3/2""",2,4,,"=""""","=""L10889""",
"=""7.669""","=""7.669049""","=""10""","=""""",,"=""13.28338""","=""174.95166+x""","=""2p6.3p""","=""2P*""","=""3/2""","=""2p5.3s.(3P*).3p""","=""4D""","=""5/2""",4,6,,"=""""","=""L10889""",
"=""15.2285""","=""15.22823""","=""20g*""","=""3.63e+08""",B+,"=""0.00000""","=""[81.4173]""","=""2p6.3s""","=""2S""","=""1/2""","=""2p6.9p""","=""2P*""","=""3/2""",2,4,,"=""T7942c84""","=""L4882""",
"=""""","=""15.22902+""","=""""","=""3.72e+08""",B+,"=""0.00000""","=""[81.4131]""","=""2p6.3s""","=""2S""","=""1/2""","=""2p6.9p""","=""2P*""","=""1/2""",2,2,,"=""T7942c84""","=""""",
"=""""","=""15.58528+""","=""""","=""5.16e+08""",B+,"=""0.00000""","=""[79.5521]""","=""2p6.3s""","=""2S""","=""1/2""","=""2p6.8p""","=""2P*""","=""3/2""",2,4,,"=""T7942c84""","=""""",
"=""15.5857""","=""15.5865""","=""30g""","=""5.29e+08""",B+,"=""0.00000""","=""[79.546]""","=""2p6.3s""","=""2S""","=""1/2""","=""2p6.8p""","=""2P*""","=""1/2""",2,2,,"=""T7942c84""","=""L4882""",
"=""16.1495""","=""16.14939""","=""30g*""","=""7.65e+08""",B+,"=""0.00000""","=""76.77330""","=""2p6.3s""","=""2S""","=""1/2""","=""2p6.7p""","=""2P*""","=""3/2""",2,4,,"=""T7942c84""","=""L4882""",
"=""16.1495""","=""16.15136""","=""30g*""","=""7.85e+08""",B+,"=""0.00000""","=""76.76394""","=""2p6.3s""","=""2S""","=""1/2""","=""2p6.7p""","=""2P*""","=""1/2""",2,2,,"=""T7942c84""","=""L4882""",
"=""17.1331""","=""17.13285""","=""40g*""","=""1.19e+09""",B+,"=""0.00000""","=""72.36637""","=""2p6.3s""","=""2S""","=""1/2""","=""2p6.6p""","=""2P*""","=""3/2""",2,4,,"=""T7942c84""","=""L4882""",
"=""17.1331""","=""17.13645""","=""40g*""","=""1.22e+09""",B+,"=""0.00000""","=""72.35114""","=""2p6.3s""","=""2S""","=""1/2""","=""2p6.6p""","=""2P*""","=""1/2""",2,2,,"=""T7942c84""","=""L4882""",
"=""18.0355""","=""18.0353""","=""5""","=""5.28e+08""",B+,"=""13.12665""","=""81.8718""","=""2p6.3p""","=""2P*""","=""1/2""","=""2p6.9d""","=""2D""","=""3/2""",2,4,,"=""T7942c84""","=""L4882""",
"=""18.0759""","=""18.0765""","=""10*""","=""1.06e+08""",B+,"=""13.28338""","=""81.8718""","=""2p6.3p""","=""2P*""","=""3/2""","=""2p6.9d""","=""2D""","=""3/2""",4,4,,"=""T7942c84""","=""L4882""",
"=""18.0759""","=""18.0765""","=""10*""","=""6.39e+08""",B+,"=""13.28338""","=""81.8718""","=""2p6.3p""","=""2P*""","=""3/2""","=""2p6.9d""","=""2D""","=""5/2""",4,6,,"=""T7942c84""","=""L4882""",
"=""18.4824""","=""18.4823""","=""20""","=""7.33e+08""",B+,"=""13.12665""","=""80.2092""","=""2p6.3p""","=""2P*""","=""1/2""","=""2p6.8d""","=""2D""","=""3/2""",2,4,,"=""T7942c84""","=""L4882""",
"=""18.5256""","=""18.5256""","=""30*""","=""1.48e+08""",B+,"=""13.28338""","=""80.2092""","=""2p6.3p""","=""2P*""","=""3/2""","=""2p6.8d""","=""2D""","=""3/2""",4,4,,"=""T7942c84""","=""L4882""",
"=""18.5256""","=""18.5256""","=""30*""","=""8.88e+08""",B+,"=""13.28338""","=""80.2092""","=""2p6.3p""","=""2P*""","=""3/2""","=""2p6.8d""","=""2D""","=""5/2""",4,6,,"=""T7942c84""","=""L4882""",
"=""18.8030""","=""18.8028""","=""5""","=""3.62e+08""",B+,"=""13.12665""","=""79.0658""","=""2p6.3p""","=""2P*""","=""1/2""","=""2p6.8s""","=""2S""","=""1/2""",2,2,,"=""T7942c84""","=""L4882""",
"=""18.8476""","=""18.8476""","=""5""","=""7.26e+08""",B+,"=""13.28338""","=""79.0658""","=""2p6.3p""","=""2P*""","=""3/2""","=""2p6.8s""","=""2S""","=""1/2""",4,2,,"=""T7942c84""","=""L4882""",
"=""19.1480""","=""19.14794""","=""60g""","=""1.93e+09""",B+,"=""0.00000""","=""64.75069""","=""2p6.3s""","=""2S""","=""1/2""","=""2p6.5p""","=""2P*""","=""3/2""",2,4,,"=""T7942c84""","=""L4882""",
"=""19.1561""","=""19.15602""","=""40g""","=""1.99e+09""",B+,"=""0.00000""","=""64.72336""","=""2p6.3s""","=""2S""","=""1/2""","=""2p6.5p""","=""2P*""","=""1/2""",2,2,,"=""T7942c84""","=""L4882""",
"=""19.1786""","=""19.1786""","=""30""","=""1.05e+09""",B+,"=""13.12665""","=""77.7737""","=""2p6.3p""","=""2P*""","=""1/2""","=""2p6.7d""","=""2D""","=""3/2""",2,4,,"=""T7942c84""","=""L4882""",
"=""19.2253""","=""19.2252""","=""40*""","=""2.12e+08""",B+,"=""13.28338""","=""77.7737""","=""2p6.3p""","=""2P*""","=""3/2""","=""2p6.7d""","=""2D""","=""3/2""",4,4,,"=""T7942c84""","=""L4882""",
"=""19.2253""","=""19.2252""","=""40*""","=""1.27e+09""",B+,"=""13.28338""","=""77.7737""","=""2p6.3p""","=""2P*""","=""3/2""","=""2p6.7d""","=""2D""","=""5/2""",4,6,,"=""T7942c84""","=""L4882""",
"=""19.7112""","=""19.71122""","=""5""","=""5.65e+08""",B+,"=""13.12665""","=""76.02696""","=""2p6.3p""","=""2P*""","=""1/2""","=""2p6.7s""","=""2S""","=""1/2""",2,2,,"=""T7942c84""","=""L4882""",
"=""19.7606""","=""19.76046""","=""10""","=""1.13e+09""",B+,"=""13.28338""","=""76.02696""","=""2p6.3p""","=""2P*""","=""3/2""","=""2p6.7s""","=""2S""","=""1/2""",4,2,,"=""T7942c84""","=""L4882""",
"=""20.3673""","=""20.36745""","=""40""","=""1.54e+09""",B+,"=""13.12665""","=""74.00034""","=""2p6.3p""","=""2P*""","=""1/2""","=""2p6.6d""","=""2D""","=""3/2""",2,4,,"=""T7942c84""","=""L4882""",
"=""20.4196""","=""20.41968""","=""50*""","=""1.87e+09""",B+,"=""13.28338""","=""74.00137""","=""2p6.3p""","=""2P*""","=""3/2""","=""2p6.6d""","=""2D""","=""5/2""",4,6,,"=""T7942c84""","=""L4882""",
"=""20.4196""","=""20.42003""","=""50*""","=""3.12e+08""",B+,"=""13.28338""","=""74.00034""","=""2p6.3p""","=""2P*""","=""3/2""","=""2p6.6d""","=""2D""","=""3/2""",4,4,,"=""T7942c84""","=""L4882""",
"=""21.3737""","=""21.37373""","=""20""","=""9.58e+08""",B+,"=""13.12665""","=""71.13441""","=""2p6.3p""","=""2P*""","=""1/2""","=""2p6.6s""","=""2S""","=""1/2""",2,2,,"=""T7942c84""","=""L4882""",
"=""21.4316""","=""21.43163""","=""30""","=""1.92e+09""",B+,"=""13.28338""","=""71.13441""","=""2p6.3p""","=""2P*""","=""3/2""","=""2p6.6s""","=""2S""","=""1/2""",4,2,,"=""T7942c84""","=""L4882""",
"=""22.7187""","=""22.71829""","=""80""","=""2.26e+09""",B+,"=""13.12665""","=""67.70127""","=""2p6.3p""","=""2P*""","=""1/2""","=""2p6.5d""","=""2D""","=""3/2""",2,4,,"=""T7942c84""","=""L4882""",
"=""22.7834""","=""22.78315""","=""120*""","=""2.75e+09""",B+,"=""13.28338""","=""67.70264""","=""2p6.3p""","=""2P*""","=""3/2""","=""2p6.5d""","=""2D""","=""5/2""",4,6,,"=""T7942c84""","=""L4882""",
"=""22.7834""","=""22.78372""","=""120*""","=""4.58e+08""",B+,"=""13.28338""","=""67.70127""","=""2p6.3p""","=""2P*""","=""3/2""","=""2p6.5d""","=""2D""","=""3/2""",4,4,,"=""T7942c84""","=""L4882""",
"=""23.6304""","=""23.6293""","=""5w*""","=""6.03e+08""",B+,"=""30.67648""","=""83.1470""","=""2p6.3d""","=""2D""","=""3/2""","=""2p6.10f""","=""2F*""","=""5/2""",4,6,,"=""T7942c84""","=""L4882""",
"=""23.6304""","=""23.6311""","=""5w*""","=""6.46e+08""",B+,"=""30.68051""","=""83.1470""","=""2p6.3d""","=""2D""","=""5/2""","=""2p6.10f""","=""2F*""","=""7/2""",6,8,,"=""T7942c84""","=""L4882""",
"=""""","=""23.6311+""","=""""","=""4.30e+07""",B+,"=""30.68051""","=""83.1470""","=""2p6.3d""","=""2D""","=""5/2""","=""2p6.10f""","=""2F*""","=""5/2""",6,6,,"=""T7942c84""","=""""",
"=""24.1613""","=""24.1602""","=""10w*""","=""8.48e+08""",B+,"=""30.67648""","=""81.9941""","=""2p6.3d""","=""2D""","=""3/2""","=""2p6.9f""","=""2F*""","=""5/2""",4,6,,"=""T7942c84""","=""L4882""",
"=""24.1613""","=""24.1621""","=""10w*""","=""9.08e+08""",B+,"=""30.68051""","=""81.9941""","=""2p6.3d""","=""2D""","=""5/2""","=""2p6.9f""","=""2F*""","=""7/2""",6,8,,"=""T7942c84""","=""L4882""",
"=""""","=""24.1621+""","=""""","=""6.05e+07""",B+,"=""30.68051""","=""81.9941""","=""2p6.3d""","=""2D""","=""5/2""","=""2p6.9f""","=""2F*""","=""5/2""",6,6,,"=""T7942c84""","=""""",
"=""""","=""24.4348+""","=""""","=""1.27e+07""",B+,"=""30.67648""","=""[81.4173]""","=""2p6.3d""","=""2D""","=""3/2""","=""2p6.9p""","=""2P*""","=""3/2""",4,4,,"=""T7942c84""","=""""",
"=""""","=""24.4367+""","=""""","=""1.15e+08""",B+,"=""30.68051""","=""[81.4173]""","=""2p6.3d""","=""2D""","=""5/2""","=""2p6.9p""","=""2P*""","=""3/2""",6,4,,"=""T7942c84""","=""""",
"=""""","=""24.4368+""","=""""","=""1.27e+08""",B+,"=""30.67648""","=""[81.4131]""","=""2p6.3d""","=""2D""","=""3/2""","=""2p6.9p""","=""2P*""","=""1/2""",4,2,,"=""T7942c84""","=""""",
"=""24.8986""","=""24.89872""","=""130g""","=""2.95e+09""",B+,"=""0.00000""","=""49.79541""","=""2p6.3s""","=""2S""","=""1/2""","=""2p6.4p""","=""2P*""","=""3/2""",2,4,,"=""T7942c84""","=""L4882""",
"=""24.9273""","=""24.92714""","=""120g""","=""3.06e+09""",B+,"=""0.00000""","=""49.73864""","=""2p6.3s""","=""2S""","=""1/2""","=""2p6.4p""","=""2P*""","=""1/2""",2,2,,"=""T7942c84""","=""L4882""",
"=""24.9440""","=""24.94259""","=""20*""","=""1.25e+09""",B+,"=""30.67648""","=""80.38431""","=""2p6.3d""","=""2D""","=""3/2""","=""2p6.8f""","=""2F*""","=""5/2""",4,6,,"=""T7942c84""","=""L4882""",
"=""24.9440""","=""24.94461""","=""20*""","=""1.34e+09""",B+,"=""30.68051""","=""80.38431""","=""2p6.3d""","=""2D""","=""5/2""","=""2p6.8f""","=""2F*""","=""7/2""",6,8,,"=""T7942c84""","=""L4882""",
"=""""","=""24.94461+""","=""""","=""8.93e+07""",B+,"=""30.68051""","=""80.38431""","=""2p6.3d""","=""2D""","=""5/2""","=""2p6.8f""","=""2F*""","=""5/2""",6,6,,"=""T7942c84""","=""""",
"=""25.1112""","=""25.11119""","=""60""","=""1.84e+09""",B+,"=""13.12665""","=""62.50073""","=""2p6.3p""","=""2P*""","=""1/2""","=""2p6.5s""","=""2S""","=""1/2""",2,2,,"=""T7942c84""","=""L4882""",
"=""25.1912""","=""25.19116""","=""80""","=""3.69e+09""",B+,"=""13.28338""","=""62.50073""","=""2p6.3p""","=""2P*""","=""3/2""","=""2p6.5s""","=""2S""","=""1/2""",4,2,,"=""T7942c84""","=""L4882""",
"=""""","=""25.3673+""","=""""","=""1.87e+07""",B+,"=""30.67648""","=""[79.5521]""","=""2p6.3d""","=""2D""","=""3/2""","=""2p6.8p""","=""2P*""","=""3/2""",4,4,,"=""T7942c84""","=""""",
"=""""","=""25.3694+""","=""""","=""1.69e+08""",B+,"=""30.68051""","=""[79.5521]""","=""2p6.3d""","=""2D""","=""5/2""","=""2p6.8p""","=""2P*""","=""3/2""",6,4,,"=""T7942c84""","=""""",
"=""""","=""25.371+""","=""""","=""1.88e+08""",B+,"=""30.67648""","=""[79.546]""","=""2p6.3d""","=""2D""","=""3/2""","=""2p6.8p""","=""2P*""","=""1/2""",4,2,,"=""T7942c84""","=""""",
"=""26.1816""","=""26.18022""","=""30*""","=""1.97e+09""",B+,"=""30.67648""","=""78.03445""","=""2p6.3d""","=""2D""","=""3/2""","=""2p6.7f""","=""2F*""","=""5/2""",4,6,,"=""T7942c84""","=""L4882""",
"=""26.1816""","=""26.18245""","=""30*""","=""2.11e+09""",B+,"=""30.68051""","=""78.03445""","=""2p6.3d""","=""2D""","=""5/2""","=""2p6.7f""","=""2F*""","=""7/2""",6,8,,"=""T7942c84""","=""L4882""",
"=""""","=""26.18245+""","=""""","=""1.41e+08""",B+,"=""30.68051""","=""78.03445""","=""2p6.3d""","=""2D""","=""5/2""","=""2p6.7f""","=""2F*""","=""5/2""",6,6,,"=""T7942c84""","=""""",
"=""""","=""26.89648+""","=""""","=""2.94e+07""",B+,"=""30.67648""","=""76.77330""","=""2p6.3d""","=""2D""","=""3/2""","=""2p6.7p""","=""2P*""","=""3/2""",4,4,,"=""T7942c84""","=""""",
"=""26.8989""","=""26.89883""","=""5""","=""2.66e+08""",B+,"=""30.68051""","=""76.77330""","=""2p6.3d""","=""2D""","=""5/2""","=""2p6.7p""","=""2P*""","=""3/2""",6,4,,"=""T7942c84""","=""L4882""",
"=""26.9026""","=""26.90194""","=""5""","=""2.96e+08""",B+,"=""30.67648""","=""76.76394""","=""2p6.3d""","=""2D""","=""3/2""","=""2p6.7p""","=""2P*""","=""1/2""",4,2,,"=""T7942c84""","=""L4882""",
"=""28.3489""","=""28.34733""","=""60*""","=""3.40e+09""",B+,"=""30.67648""","=""74.41400""","=""2p6.3d""","=""2D""","=""3/2""","=""2p6.6f""","=""2F*""","=""5/2""",4,6,,"=""T7942c84""","=""L4882""",
"=""28.3489""","=""28.34994""","=""60*""","=""3.65e+09""",B+,"=""30.68051""","=""74.41400""","=""2p6.3d""","=""2D""","=""5/2""","=""2p6.6f""","=""2F*""","=""7/2""",6,8,,"=""T7942c84""","=""L4882""",
"=""""","=""28.34994""","=""""","=""2.43e+08""",B+,"=""30.68051""","=""74.41400""","=""2p6.3d""","=""2D""","=""5/2""","=""2p6.6f""","=""2F*""","=""5/2""",6,6,,"=""T7942c84""","=""""",
"=""""","=""28.90673+""","=""""","=""8.90e-01""",B,"=""13.12665""","=""56.01777""","=""2p6.3p""","=""2P*""","=""1/2""","=""2p6.4d""","=""2D""","=""5/2""",2,6,M2,"=""T7942c84""","=""""",
"=""28.9082""","=""28.90815""","=""100""","=""2.56e+09""",A,"=""13.12665""","=""56.01566""","=""2p6.3p""","=""2P*""","=""1/2""","=""2p6.4d""","=""2D""","=""3/2""",2,4,,"=""T7942c84""","=""L4882""",
"=""29.0130""","=""29.01275""","=""140*""","=""3.16e+09""",A,"=""13.28338""","=""56.01777""","=""2p6.3p""","=""2P*""","=""3/2""","=""2p6.4d""","=""2D""","=""5/2""",4,6,,"=""T7942c84""","=""L4882""",
"=""29.0130""","=""29.01418""","=""140*""","=""5.26e+08""",B+,"=""13.28338""","=""56.01566""","=""2p6.3p""","=""2P*""","=""3/2""","=""2p6.4d""","=""2D""","=""3/2""",4,4,,"=""T7942c84""","=""L4882""",
"=""29.7416""","=""29.73964""","=""10*""","=""5.07e+07""",B+,"=""30.67648""","=""72.36637""","=""2p6.3d""","=""2D""","=""3/2""","=""2p6.6p""","=""2P*""","=""3/2""",4,4,,"=""T7942c84""","=""L4882""",
"=""29.7416""","=""29.74251""","=""10*""","=""4.57e+08""",B+,"=""30.68051""","=""72.36637""","=""2p6.3d""","=""2D""","=""5/2""","=""2p6.6p""","=""2P*""","=""3/2""",6,4,,"=""T7942c84""","=""L4882""",
"=""29.7499""","=""29.75050""","=""10""","=""5.09e+08""",B+,"=""30.67648""","=""72.35114""","=""2p6.3d""","=""2D""","=""3/2""","=""2p6.6p""","=""2P*""","=""1/2""",4,2,,"=""T7942c84""","=""L4882""",
"=""32.8605""","=""32.85830""","=""120*""","=""6.83e+09""",B+,"=""30.67648""","=""68.40947""","=""2p6.3d""","=""2D""","=""3/2""","=""2p6.5f""","=""2F*""","=""5/2""",4,6,,"=""T7942c84""","=""L4882""",
"=""32.8605""","=""32.86181""","=""120*""","=""7.32e+09""",A,"=""30.68051""","=""68.40947""","=""2p6.3d""","=""2D""","=""5/2""","=""2p6.5f""","=""2F*""","=""7/2""",6,8,,"=""T7942c84""","=""L4882""",
"=""""","=""32.86181""","=""""","=""4.88e+08""",B+,"=""30.68051""","=""68.40947""","=""2p6.3d""","=""2D""","=""5/2""","=""2p6.5f""","=""2F*""","=""5/2""",6,6,,"=""T7942c84""","=""""",
"=""""","=""33.81194+""","=""""","=""1.54e+05""",A,"=""13.12665""","=""49.79541""","=""2p6.3p""","=""2P*""","=""1/2""","=""2p6.4p""","=""2P*""","=""3/2""",2,4,E2,"=""T7942c84""","=""""",
"=""""","=""33.86437+""","=""""","=""9.49e-02""",D,"=""13.12665""","=""49.73864""","=""2p6.3p""","=""2P*""","=""1/2""","=""2p6.4p""","=""2P*""","=""1/2""",2,2,M1,"=""T7942c84""","=""""",
"=""""","=""33.95708+""","=""""","=""1.52e+05""",A,"=""13.28338""","=""49.79541""","=""2p6.3p""","=""2P*""","=""3/2""","=""2p6.4p""","=""2P*""","=""3/2""",4,4,E2,"=""T7942c84""","=""""",
"=""""","=""34.00996+""","=""""","=""3.04e+05""",A,"=""13.28338""","=""49.73864""","=""2p6.3p""","=""2P*""","=""3/2""","=""2p6.4p""","=""2P*""","=""1/2""",4,2,E2,"=""T7942c84""","=""""",
"=""""","=""34.0499+""","=""""","=""1.12e+08""",B+,"=""45.00488""","=""[81.4173]""","=""2p6.4s""","=""2S""","=""1/2""","=""2p6.9p""","=""2P*""","=""3/2""",2,4,,"=""T7942c84""","=""""",
"=""""","=""34.0539+""","=""""","=""1.15e+08""",B+,"=""45.00488""","=""[81.4131]""","=""2p6.4s""","=""2S""","=""1/2""","=""2p6.9p""","=""2P*""","=""1/2""",2,2,,"=""T7942c84""","=""""",
"=""""","=""35.8883+""","=""""","=""1.56e+08""",B+,"=""45.00488""","=""[79.5521]""","=""2p6.4s""","=""2S""","=""1/2""","=""2p6.8p""","=""2P*""","=""3/2""",2,4,,"=""T7942c84""","=""""",
"=""""","=""35.895+""","=""""","=""1.60e+08""",B+,"=""45.00488""","=""[79.546]""","=""2p6.4s""","=""2S""","=""1/2""","=""2p6.8p""","=""2P*""","=""1/2""",2,2,,"=""T7942c84""","=""""",
"=""36.3892""","=""36.38653""","=""40*""","=""1.01e+08""",B+,"=""30.67648""","=""64.75069""","=""2p6.3d""","=""2D""","=""3/2""","=""2p6.5p""","=""2P*""","=""3/2""",4,4,,"=""T7942c84""","=""L4882""",
"=""36.3892""","=""36.39083""","=""40*""","=""9.08e+08""",B+,"=""30.68051""","=""64.75069""","=""2p6.3d""","=""2D""","=""5/2""","=""2p6.5p""","=""2P*""","=""3/2""",6,4,,"=""T7942c84""","=""L4882""",
"=""36.4157""","=""36.41573""","=""30""","=""1.01e+09""",B+,"=""30.67648""","=""64.72336""","=""2p6.3d""","=""2D""","=""3/2""","=""2p6.5p""","=""2P*""","=""1/2""",4,2,,"=""T7942c84""","=""L4882""",
"=""""","=""38.5844+""","=""""","=""1.27e+08""",B+,"=""49.73864""","=""81.8718""","=""2p6.4p""","=""2P*""","=""1/2""","=""2p6.9d""","=""2D""","=""3/2""",2,4,,"=""T7942c84""","=""""",
"=""""","=""38.6527+""","=""""","=""1.56e+08""",B+,"=""49.79541""","=""81.8718""","=""2p6.4p""","=""2P*""","=""3/2""","=""2p6.9d""","=""2D""","=""5/2""",4,6,,"=""T7942c84""","=""""",
"=""""","=""38.6527+""","=""""","=""2.60e+07""",B+,"=""49.79541""","=""81.8718""","=""2p6.4p""","=""2P*""","=""3/2""","=""2p6.9d""","=""2D""","=""3/2""",4,4,,"=""T7942c84""","=""""",
"=""38.8930""","=""38.89307""","=""160""","=""4.40e+09""",A,"=""13.12665""","=""45.00488""","=""2p6.3p""","=""2P*""","=""1/2""","=""2p6.4s""","=""2S""","=""1/2""",2,2,,"=""T7942c84""","=""L4882""",
"=""""","=""39.02750+""","=""""","=""2.23e+08""",B+,"=""45.00488""","=""76.77330""","=""2p6.4s""","=""2S""","=""1/2""","=""2p6.7p""","=""2P*""","=""3/2""",2,4,,"=""T7942c84""","=""""",
"=""""","=""39.03900+""","=""""","=""2.30e+08""",B+,"=""45.00488""","=""76.76394""","=""2p6.4s""","=""2S""","=""1/2""","=""2p6.7p""","=""2P*""","=""1/2""",2,2,,"=""T7942c84""","=""""",
"=""39.0854""","=""39.08523""","=""180""","=""8.85e+09""",A,"=""13.28338""","=""45.00488""","=""2p6.3p""","=""2P*""","=""3/2""","=""2p6.4s""","=""2S""","=""1/2""",4,2,,"=""T7942c84""","=""L4882""",
"=""40.4137""","=""40.41139""","=""30g*""","=""1.32e+05""",B+,"=""0.00000""","=""30.68051""","=""2p6.3s""","=""2S""","=""1/2""","=""2p6.3d""","=""2D""","=""5/2""",2,6,E2,"=""T4898LS""","=""L4882""",
"=""40.4137""","=""40.41670""","=""30g*""","=""1.32e+05""",B+,"=""0.00000""","=""30.67648""","=""2p6.3s""","=""2S""","=""1/2""","=""2p6.3d""","=""2D""","=""3/2""",2,4,E2,"=""T4898LS""","=""L4882""",
"=""""","=""40.6898+""","=""""","=""1.69e+08""",B+,"=""49.73864""","=""80.2092""","=""2p6.4p""","=""2P*""","=""1/2""","=""2p6.8d""","=""2D""","=""3/2""",2,4,,"=""T7942c84""","=""""",
"=""""","=""40.7658+""","=""""","=""2.07e+08""",B+,"=""49.79541""","=""80.2092""","=""2p6.4p""","=""2P*""","=""3/2""","=""2p6.8d""","=""2D""","=""5/2""",4,6,,"=""T7942c84""","=""""",
"=""""","=""40.7658+""","=""""","=""3.45e+07""",B+,"=""49.79541""","=""80.2092""","=""2p6.4p""","=""2P*""","=""3/2""","=""2p6.8d""","=""2D""","=""3/2""",4,4,,"=""T7942c84""","=""""",
"=""""","=""42.2762+""","=""""","=""2.05e+08""",B+,"=""49.73864""","=""79.0658""","=""2p6.4p""","=""2P*""","=""1/2""","=""2p6.8s""","=""2S""","=""1/2""",2,2,,"=""T7942c84""","=""""",
"=""""","=""42.3582+""","=""""","=""4.11e+08""",B+,"=""49.79541""","=""79.0658""","=""2p6.4p""","=""2P*""","=""3/2""","=""2p6.8s""","=""2S""","=""1/2""",4,2,,"=""T7942c84""","=""""",
"=""""","=""44.2247+""","=""""","=""2.23e+08""",B+,"=""49.73864""","=""77.7737""","=""2p6.4p""","=""2P*""","=""1/2""","=""2p6.7d""","=""2D""","=""3/2""",2,4,,"=""T7942c84""","=""""",
"=""""","=""44.3145+""","=""""","=""2.74e+08""",B+,"=""49.79541""","=""77.7737""","=""2p6.4p""","=""2P*""","=""3/2""","=""2p6.7d""","=""2D""","=""5/2""",4,6,,"=""T7942c84""","=""""",
"=""""","=""44.3145+""","=""""","=""4.57e+07""",B+,"=""49.79541""","=""77.7737""","=""2p6.4p""","=""2P*""","=""3/2""","=""2p6.7d""","=""2D""","=""3/2""",4,4,,"=""T7942c84""","=""""",
"=""45.3134""","=""45.3134""","=""30""","=""3.21e+08""",B+,"=""45.00488""","=""72.36637""","=""2p6.4s""","=""2S""","=""1/2""","=""2p6.6p""","=""2P*""","=""3/2""",2,4,,"=""T7942c84""","=""L4882""",
"=""45.3408""","=""45.3386""","=""20w""","=""3.32e+08""",B+,"=""45.00488""","=""72.35114""","=""2p6.4s""","=""2S""","=""1/2""","=""2p6.6p""","=""2P*""","=""1/2""",2,2,,"=""T7942c84""","=""L4882""",
"=""""","=""45.6977+""","=""""","=""3.29e+08""",B+,"=""56.01566""","=""83.1470""","=""2p6.4d""","=""2D""","=""3/2""","=""2p6.10f""","=""2F*""","=""5/2""",4,6,,"=""T7942c84""","=""""",
"=""""","=""45.7013+""","=""""","=""3.53e+08""",B+,"=""56.01777""","=""83.1470""","=""2p6.4d""","=""2D""","=""5/2""","=""2p6.10f""","=""2F*""","=""7/2""",6,8,,"=""T7942c84""","=""""",
"=""""","=""45.7013+""","=""""","=""2.35e+07""",B+,"=""56.01777""","=""83.1470""","=""2p6.4d""","=""2D""","=""5/2""","=""2p6.10f""","=""2F*""","=""5/2""",6,6,,"=""T7942c84""","=""""",
"=""46.4667""","=""46.4624""","=""160*""","=""1.82e+10""",AA,"=""30.67648""","=""57.36130""","=""2p6.3d""","=""2D""","=""3/2""","=""2p6.4f""","=""2F*""","=""5/2""",4,6,,"=""T7942c84""","=""L4882""",
"=""46.4667""","=""46.4695""","=""160*""","=""1.30e+09""",A,"=""30.68051""","=""57.36130""","=""2p6.3d""","=""2D""","=""5/2""","=""2p6.4f""","=""2F*""","=""5/2""",6,6,,"=""T7942c84""","=""L4882""",
"=""""","=""46.4695""","=""""","=""1.95e+10""",AA,"=""30.68051""","=""57.36130""","=""2p6.3d""","=""2D""","=""5/2""","=""2p6.4f""","=""2F*""","=""7/2""",6,8,,"=""T7942c84""","=""""",
"=""""","=""47.1632+""","=""""","=""3.26e+08""",B+,"=""49.73864""","=""76.02696""","=""2p6.4p""","=""2P*""","=""1/2""","=""2p6.7s""","=""2S""","=""1/2""",2,2,,"=""T7942c84""","=""""",
"=""""","=""47.2653+""","=""""","=""6.55e+08""",B+,"=""49.79541""","=""76.02696""","=""2p6.4p""","=""2P*""","=""3/2""","=""2p6.7s""","=""2S""","=""1/2""",4,2,,"=""T7942c84""","=""""",
"=""""","=""47.7258+""","=""""","=""4.59e+08""",B+,"=""56.01566""","=""81.9941""","=""2p6.4d""","=""2D""","=""3/2""","=""2p6.9f""","=""2F*""","=""5/2""",4,6,,"=""T7942c84""","=""""",
"=""""","=""47.7297+""","=""""","=""4.92e+08""",B+,"=""56.01777""","=""81.9941""","=""2p6.4d""","=""2D""","=""5/2""","=""2p6.9f""","=""2F*""","=""7/2""",6,8,,"=""T7942c84""","=""""",
"=""""","=""47.7297+""","=""""","=""3.28e+07""",B+,"=""56.01777""","=""81.9941""","=""2p6.4d""","=""2D""","=""5/2""","=""2p6.9f""","=""2F*""","=""5/2""",6,6,,"=""T7942c84""","=""""",
"=""""","=""48.8095+""","=""""","=""1.16e+07""",B+,"=""56.01566""","=""[81.4173]""","=""2p6.4d""","=""2D""","=""3/2""","=""2p6.9p""","=""2P*""","=""3/2""",4,4,,"=""T7942c84""","=""""",
"=""""","=""48.8135+""","=""""","=""1.04e+08""",B+,"=""56.01777""","=""[81.4173]""","=""2p6.4d""","=""2D""","=""5/2""","=""2p6.9p""","=""2P*""","=""3/2""",6,4,,"=""T7942c84""","=""""",
"=""""","=""48.8176+""","=""""","=""1.16e+08""",B+,"=""56.01566""","=""[81.4131]""","=""2p6.4d""","=""2D""","=""3/2""","=""2p6.9p""","=""2P*""","=""1/2""",4,2,,"=""T7942c84""","=""""",
"=""""","=""48.9258+""","=""""","=""1.22e+04""",A,"=""30.67648""","=""56.01777""","=""2p6.3d""","=""2D""","=""3/2""","=""2p6.4d""","=""2D""","=""5/2""",4,6,E2,"=""T7942c84""","=""""",
"=""""","=""48.9298+""","=""""","=""4.28e+04""",A,"=""30.67648""","=""56.01566""","=""2p6.3d""","=""2D""","=""3/2""","=""2p6.4d""","=""2D""","=""3/2""",4,4,E2,"=""T7942c84""","=""""",
"=""""","=""48.9335+""","=""""","=""4.89e+04""",A,"=""30.68051""","=""56.01777""","=""2p6.3d""","=""2D""","=""5/2""","=""2p6.4d""","=""2D""","=""5/2""",6,6,E2,"=""T7942c84""","=""""",
"=""""","=""48.9376+""","=""""","=""1.83e+04""",A,"=""30.68051""","=""56.01566""","=""2p6.3d""","=""2D""","=""5/2""","=""2p6.4d""","=""2D""","=""3/2""",6,4,E2,"=""T7942c84""","=""""",
"=""""","=""50.584+""","=""""","=""1.33e+07""",B+,"=""57.36130""","=""81.8718""","=""2p6.4f""","=""2F*""","=""7/2""","=""2p6.9d""","=""2D""","=""5/2""",8,6,,"=""T7942c84""","=""""",
"=""""","=""50.584+""","=""""","=""1.40e+07""",B+,"=""57.36130""","=""81.8718""","=""2p6.4f""","=""2F*""","=""5/2""","=""2p6.9d""","=""2D""","=""3/2""",6,4,,"=""T7942c84""","=""""",
"=""""","=""50.584+""","=""""","=""6.64e+05""",B+,"=""57.36130""","=""81.8718""","=""2p6.4f""","=""2F*""","=""5/2""","=""2p6.9d""","=""2D""","=""5/2""",6,6,,"=""T7942c84""","=""""",
"=""50.8810""","=""50.8786""","=""5w*""","=""6.69e+08""",B+,"=""56.01566""","=""80.38431""","=""2p6.4d""","=""2D""","=""3/2""","=""2p6.8f""","=""2F*""","=""5/2""",4,6,,"=""T7942c84""","=""L4882""",
"=""50.8810""","=""50.8830""","=""5w*""","=""7.17e+08""",B+,"=""56.01777""","=""80.38431""","=""2p6.4d""","=""2D""","=""5/2""","=""2p6.8f""","=""2F*""","=""7/2""",6,8,,"=""T7942c84""","=""L4882""",
"=""""","=""50.8830+""","=""""","=""4.78e+07""",B+,"=""56.01777""","=""80.38431""","=""2p6.4d""","=""2D""","=""5/2""","=""2p6.8f""","=""2F*""","=""5/2""",6,6,,"=""T7942c84""","=""""",
"=""51.1028""","=""51.1029""","=""10""","=""2.74e+08""",B+,"=""49.73864""","=""74.00034""","=""2p6.4p""","=""2P*""","=""1/2""","=""2p6.6d""","=""2D""","=""3/2""",2,4,,"=""T7942c84""","=""L4882""",
"=""51.2217""","=""51.2205""","=""20*""","=""3.38e+08""",B+,"=""49.79541""","=""74.00137""","=""2p6.4p""","=""2P*""","=""3/2""","=""2p6.6d""","=""2D""","=""5/2""",4,6,,"=""T7942c84""","=""L4882""",
"=""51.2217""","=""51.2227""","=""20*""","=""5.65e+07""",B+,"=""49.79541""","=""74.00034""","=""2p6.4p""","=""2P*""","=""3/2""","=""2p6.6d""","=""2D""","=""3/2""",4,4,,"=""T7942c84""","=""L4882""",
"=""""","=""52.678+""","=""""","=""1.74e+07""",B+,"=""56.01566""","=""[79.5521]""","=""2p6.4d""","=""2D""","=""3/2""","=""2p6.8p""","=""2P*""","=""3/2""",4,4,,"=""T7942c84""","=""""",
"=""""","=""52.682+""","=""""","=""1.56e+08""",B+,"=""56.01777""","=""[79.5521]""","=""2p6.4d""","=""2D""","=""5/2""","=""2p6.8p""","=""2P*""","=""3/2""",6,4,,"=""T7942c84""","=""""",
"=""""","=""52.69+""","=""""","=""1.74e+08""",B+,"=""56.01566""","=""[79.546]""","=""2p6.4d""","=""2D""","=""3/2""","=""2p6.8p""","=""2P*""","=""1/2""",4,2,,"=""T7942c84""","=""""",
"=""""","=""54.265+""","=""""","=""2.02e+07""",B+,"=""57.36130""","=""80.2092""","=""2p6.4f""","=""2F*""","=""7/2""","=""2p6.8d""","=""2D""","=""5/2""",8,6,,"=""T7942c84""","=""""",
"=""""","=""54.265+""","=""""","=""2.13e+07""",B+,"=""57.36130""","=""80.2092""","=""2p6.4f""","=""2F*""","=""5/2""","=""2p6.8d""","=""2D""","=""3/2""",6,4,,"=""T7942c84""","=""""",
"=""""","=""54.265+""","=""""","=""1.01e+06""",B+,"=""57.36130""","=""80.2092""","=""2p6.4f""","=""2F*""","=""5/2""","=""2p6.8d""","=""2D""","=""5/2""",6,6,,"=""T7942c84""","=""""",
"=""56.3115""","=""56.3084""","=""20w*""","=""1.03e+09""",B+,"=""56.01566""","=""78.03445""","=""2p6.4d""","=""2D""","=""3/2""","=""2p6.7f""","=""2F*""","=""5/2""",4,6,,"=""T7942c84""","=""L4882""",
"=""56.3115""","=""56.3138""","=""20w*""","=""1.10e+09""",B+,"=""56.01777""","=""78.03445""","=""2p6.4d""","=""2D""","=""5/2""","=""2p6.7f""","=""2F*""","=""7/2""",6,8,,"=""T7942c84""","=""L4882""",
"=""""","=""56.3138+""","=""""","=""7.36e+07""",B+,"=""56.01777""","=""78.03445""","=""2p6.4d""","=""2D""","=""5/2""","=""2p6.7f""","=""2F*""","=""5/2""",6,6,,"=""T7942c84""","=""""",
"=""57.643""","=""57.6429""","=""100""","=""""",,"=""173.19353+x""","=""194.70253+x""","=""2p5.3s.(3P*).3p""","=""4S""","=""3/2""","=""2p5.3s.(3P*).3d""","=""4P*""","=""5/2""",4,6,,"=""""","=""L10548""",
"=""57.9480""","=""57.9480""","=""20w""","=""5.73e+08""",B+,"=""49.73864""","=""71.13441""","=""2p6.4p""","=""2P*""","=""1/2""","=""2p6.6s""","=""2S""","=""1/2""",2,2,,"=""T7942c84""","=""L4882""",
"=""58.09""","=""58.1022""","=""40bl""","=""1.15e+09""",B+,"=""49.79541""","=""71.13441""","=""2p6.4p""","=""2P*""","=""3/2""","=""2p6.6s""","=""2S""","=""1/2""",4,2,,"=""T7942c84""","=""L4882""",
"=""58.374""","=""58.3740""","=""85""","=""""",,"=""173.19353+x""","=""194.43315+x""","=""2p5.3s.(3P*).3p""","=""4S""","=""3/2""","=""2p5.3s.(3P*).3d""","=""4P*""","=""3/2""",4,4,,"=""""","=""L10548""",
"=""58.774""","=""58.7740""","=""40""","=""""",,"=""173.19353+x""","=""194.28861+x""","=""2p5.3s.(3P*).3p""","=""4S""","=""3/2""","=""2p5.3s.(3P*).3d""","=""4P*""","=""1/2""",4,2,,"=""""","=""L10548""",
"=""""","=""59.7294+""","=""""","=""2.80e+07""",B+,"=""56.01566""","=""76.77330""","=""2p6.4d""","=""2D""","=""3/2""","=""2p6.7p""","=""2P*""","=""3/2""",4,4,,"=""T7942c84""","=""""",
"=""""","=""59.7355+""","=""""","=""2.52e+08""",B+,"=""56.01777""","=""76.77330""","=""2p6.4d""","=""2D""","=""5/2""","=""2p6.7p""","=""2P*""","=""3/2""",6,4,,"=""T7942c84""","=""""",
"=""""","=""59.7564+""","=""""","=""2.80e+08""",B+,"=""56.01566""","=""76.76394""","=""2p6.4d""","=""2D""","=""3/2""","=""2p6.7p""","=""2P*""","=""1/2""",4,2,,"=""T7942c84""","=""""",
"=""60.458""","=""60.4580""","=""30""","=""""",,"=""175.20459+x""","=""195.71208+x""","=""2p5.3s.(3P*).3p""","=""4D""","=""3/2""","=""2p5.3s.(3P*).3d""","=""4F*""","=""3/2""",4,4,,"=""""","=""L10548""",
"=""60.529""","=""60.5310""","=""35""","=""""",,"=""174.95166+x""","=""195.43441+x""","=""2p5.3s.(3P*).3p""","=""4D""","=""5/2""","=""2p5.3s.(3P*).3d""","=""4F*""","=""5/2""",6,6,,"=""""","=""L10548""",
"=""""","=""60.740+""","=""""","=""3.34e+07""",B+,"=""57.36130""","=""77.7737""","=""2p6.4f""","=""2F*""","=""7/2""","=""2p6.7d""","=""2D""","=""5/2""",8,6,,"=""T7942c84""","=""""",
"=""""","=""60.740+""","=""""","=""3.51e+07""",B+,"=""57.36130""","=""77.7737""","=""2p6.4f""","=""2F*""","=""5/2""","=""2p6.7d""","=""2D""","=""3/2""",6,4,,"=""T7942c84""","=""""",
"=""""","=""60.740+""","=""""","=""1.67e+06""",B+,"=""57.36130""","=""77.7737""","=""2p6.4f""","=""2F*""","=""5/2""","=""2p6.7d""","=""2D""","=""5/2""",6,6,,"=""T7942c84""","=""""",
"=""61.270""","=""61.2700""","=""150""","=""""",,"=""174.95166+x""","=""195.18737+x""","=""2p5.3s.(3P*).3p""","=""4D""","=""5/2""","=""2p5.3s.(3P*).3d""","=""4F*""","=""7/2""",6,8,,"=""""","=""L10548""",
"=""61.290""","=""61.2878""","=""70""","=""""",,"=""175.20459+x""","=""195.43441+x""","=""2p5.3s.(3P*).3p""","=""4D""","=""3/2""","=""2p5.3s.(3P*).3d""","=""4F*""","=""5/2""",4,6,,"=""""","=""L10548""",
"=""61.316""","=""61.3160""","=""45""","=""""",,"=""175.49155+x""","=""195.71208+x""","=""2p5.3s.(3P*).3p""","=""4D""","=""1/2""","=""2p5.3s.(3P*).3d""","=""4F*""","=""3/2""",2,4,,"=""""","=""L10548""",
"=""61.407""","=""61.4060""","=""380bl""","=""""",,"=""174.77196+x""","=""194.96285+x""","=""2p5.3s.(3P*).3p""","=""4D""","=""7/2""","=""2p5.3s.(3P*).3d""","=""4F*""","=""9/2""",8,10,,"=""""","=""L10548""",
"=""62.208""","=""62.2080""","=""40""","=""""",,"=""174.77196+x""","=""194.70253+x""","=""2p5.3s.(3P*).3p""","=""4D""","=""7/2""","=""2p5.3s.(3P*).3d""","=""4P*""","=""5/2""",8,6,,"=""""","=""L10548""",
"=""""","=""62.7901""","=""m""","=""3.96e+08""",A,"=""45.00488""","=""64.75069""","=""2p6.4s""","=""2S""","=""1/2""","=""2p6.5p""","=""2P*""","=""3/2""",2,4,,"=""T7942c84""","=""L4882""",
"=""62.8773""","=""62.8771""","=""30""","=""4.14e+08""",A,"=""45.00488""","=""64.72336""","=""2p6.4s""","=""2S""","=""1/2""","=""2p6.5p""","=""2P*""","=""1/2""",2,2,,"=""T7942c84""","=""L4882""",
"=""64.8489""","=""64.8489""","=""40""","=""2.74e+08""",A,"=""30.67648""","=""49.79541""","=""2p6.3d""","=""2D""","=""3/2""","=""2p6.4p""","=""2P*""","=""3/2""",4,4,,"=""T7942c84""","=""L4882""",
"=""64.8626""","=""64.8626""","=""60""","=""2.47e+09""",A,"=""30.68051""","=""49.79541""","=""2p6.3d""","=""2D""","=""5/2""","=""2p6.4p""","=""2P*""","=""3/2""",6,4,,"=""T7942c84""","=""L4882""",
"=""65.0420""","=""65.0420""","=""50""","=""2.76e+09""",A,"=""30.67648""","=""49.73864""","=""2p6.3d""","=""2D""","=""3/2""","=""2p6.4p""","=""2P*""","=""1/2""",4,2,,"=""T7942c84""","=""L4882""",
"=""""","=""65.0558+""","=""""","=""2.98e-01""",B+,"=""30.68051""","=""49.73864""","=""2p6.3d""","=""2D""","=""5/2""","=""2p6.4p""","=""2P*""","=""1/2""",6,2,M2,"=""T7942c84""","=""""",
"=""""","=""65.543+""","=""""","=""4.73e+07""",B+,"=""62.50073""","=""[81.4173]""","=""2p6.5s""","=""2S""","=""1/2""","=""2p6.9p""","=""2P*""","=""3/2""",2,4,,"=""T7942c84""","=""""",
"=""""","=""65.557+""","=""""","=""4.89e+07""",B+,"=""62.50073""","=""[81.4131]""","=""2p6.5s""","=""2S""","=""1/2""","=""2p6.9p""","=""2P*""","=""1/2""",2,2,,"=""T7942c84""","=""""",
"=""67.3933""","=""67.3888""","=""20bl*""","=""1.70e+09""",A,"=""56.01566""","=""74.41400""","=""2p6.4d""","=""2D""","=""3/2""","=""2p6.6f""","=""2F*""","=""5/2""",4,6,,"=""T7942c84""","=""L4882""",
"=""67.3933""","=""67.3965""","=""20bl*""","=""1.83e+09""",A,"=""56.01777""","=""74.41400""","=""2p6.4d""","=""2D""","=""5/2""","=""2p6.6f""","=""2F*""","=""7/2""",6,8,,"=""T7942c84""","=""L4882""",
"=""""","=""67.3965+""","=""""","=""1.22e+08""",B+,"=""56.01777""","=""74.41400""","=""2p6.4d""","=""2D""","=""5/2""","=""2p6.6f""","=""2F*""","=""5/2""",6,6,,"=""T7942c84""","=""""",
"=""69.0236""","=""69.0234""","=""70bl""","=""2.16e+08""",A,"=""49.73864""","=""67.70127""","=""2p6.4p""","=""2P*""","=""1/2""","=""2p6.5d""","=""2D""","=""3/2""",2,4,,"=""T7942c84""","=""L4882""",
"=""69.2368""","=""69.2370""","=""50bl""","=""2.72e+08""",A,"=""49.79541""","=""67.70264""","=""2p6.4p""","=""2P*""","=""3/2""","=""2p6.5d""","=""2D""","=""5/2""",4,6,,"=""T7942c84""","=""L4882""",
"=""""","=""69.2422+""","=""""","=""4.55e+07""",B+,"=""49.79541""","=""67.70127""","=""2p6.4p""","=""2P*""","=""3/2""","=""2p6.5d""","=""2D""","=""3/2""",4,4,,"=""T7942c84""","=""""",
"=""""","=""70.6307+""","=""""","=""2.77e-01""",A,"=""13.12665""","=""30.68051""","=""2p6.3p""","=""2P*""","=""1/2""","=""2p6.3d""","=""2D""","=""5/2""",2,6,M2,"=""T7942c84""","=""""",
"=""70.6474""","=""70.6470""","=""120""","=""4.22e+09""",AA,"=""13.12665""","=""30.67648""","=""2p6.3p""","=""2P*""","=""1/2""","=""2p6.3d""","=""2D""","=""3/2""",2,4,,"=""T7942c84""","=""L4882""",
"=""71.2670""","=""71.2670""","=""130""","=""4.95e+09""",AA,"=""13.28338""","=""30.68051""","=""2p6.3p""","=""2P*""","=""3/2""","=""2p6.3d""","=""2D""","=""5/2""",4,6,,"=""T7942c84""","=""L4882""",
"=""71.2831""","=""71.2836""","=""100""","=""8.25e+08""",A,"=""13.28338""","=""30.67648""","=""2p6.3p""","=""2P*""","=""3/2""","=""2p6.3d""","=""2D""","=""3/2""",4,4,,"=""T7942c84""","=""L4882""",
"=""""","=""72.300+""","=""""","=""4.09e+07""",B+,"=""64.72336""","=""81.8718""","=""2p6.5p""","=""2P*""","=""1/2""","=""2p6.9d""","=""2D""","=""3/2""",2,4,,"=""T7942c84""","=""""",
"=""""","=""72.416+""","=""""","=""5.06e+07""",B+,"=""64.75069""","=""81.8718""","=""2p6.5p""","=""2P*""","=""3/2""","=""2p6.9d""","=""2D""","=""5/2""",4,6,,"=""T7942c84""","=""""",
"=""""","=""72.416+""","=""""","=""8.45e+06""",B+,"=""64.75069""","=""81.8718""","=""2p6.5p""","=""2P*""","=""3/2""","=""2p6.9d""","=""2D""","=""3/2""",4,4,,"=""T7942c84""","=""""",
"=""72.5854""","=""72.5854""","=""110bl*""","=""""",,"=""57.36130""","=""74.44244""","=""2p6.4f""","=""2F*""","=""5/2""","=""2p6.6g""","=""2G""","=""7/2""",6,8,,"=""""","=""L4882""",
"=""72.5854""","=""72.5854""","=""110bl*""","=""""",,"=""57.36130""","=""74.44244""","=""2p6.4f""","=""2F*""","=""7/2""","=""2p6.6g""","=""2G""","=""7/2""",8,8,,"=""""","=""L4882""",
"=""72.5854""","=""72.5854""","=""110bl*""","=""""",,"=""57.36130""","=""74.44244""","=""2p6.4f""","=""2F*""","=""7/2""","=""2p6.6g""","=""2G""","=""9/2""",8,10,,"=""""","=""L4882""",
"=""""","=""72.712+""","=""""","=""6.39e+07""",B+,"=""62.50073""","=""[79.5521]""","=""2p6.5s""","=""2S""","=""1/2""","=""2p6.8p""","=""2P*""","=""3/2""",2,4,,"=""T7942c84""","=""""",
"=""""","=""72.74+""","=""""","=""6.61e+07""",B+,"=""62.50073""","=""[79.546]""","=""2p6.5s""","=""2S""","=""1/2""","=""2p6.8p""","=""2P*""","=""1/2""",2,2,,"=""T7942c84""","=""""",
"=""""","=""74.5094+""","=""""","=""3.12e+06""",B+,"=""57.36130""","=""74.00137""","=""2p6.4f""","=""2F*""","=""5/2""","=""2p6.6d""","=""2D""","=""5/2""",6,6,,"=""T7942c84""","=""""",
"=""74.5119""","=""74.5094""","=""50bl*""","=""6.25e+07""",B+,"=""57.36130""","=""74.00137""","=""2p6.4f""","=""2F*""","=""7/2""","=""2p6.6d""","=""2D""","=""5/2""",8,6,,"=""T7942c84""","=""L4882""",
"=""74.5119""","=""74.5140""","=""50bl*""","=""6.57e+07""",B+,"=""57.36130""","=""74.00034""","=""2p6.4f""","=""2F*""","=""5/2""","=""2p6.6d""","=""2D""","=""3/2""",6,4,,"=""T7942c84""","=""L4882""",
"=""""","=""75.8281+""","=""""","=""5.06e+07""",B+,"=""56.01566""","=""72.36637""","=""2p6.4d""","=""2D""","=""3/2""","=""2p6.6p""","=""2P*""","=""3/2""",4,4,,"=""T7942c84""","=""""",
"=""""","=""75.8378+""","=""""","=""4.56e+08""",B+,"=""56.01777""","=""72.36637""","=""2p6.4d""","=""2D""","=""5/2""","=""2p6.6p""","=""2P*""","=""3/2""",6,4,,"=""T7942c84""","=""""",
"=""""","=""75.8987+""","=""""","=""5.07e+08""",B+,"=""56.01566""","=""72.35114""","=""2p6.4d""","=""2D""","=""3/2""","=""2p6.6p""","=""2P*""","=""1/2""",4,2,,"=""T7942c84""","=""""",
"=""76.993""","=""76.9931""","=""240""","=""""",,"=""173.19353+x""","=""189.29682+x""","=""2p5.3s.(3P*).3p""","=""4S""","=""3/2""","=""2p5.(2P*).3p2.(3P)""","=""4P*""","=""5/2""",4,6,,"=""""","=""L10548""",
"=""77.130""","=""77.1317""","=""40""","=""""",,"=""174.77196+x""","=""190.84630+x""","=""2p5.3s.(3P*).3p""","=""4D""","=""7/2""","=""2p5.(2P*).3p2.(3P)""","=""4D*""","=""5/2""",8,6,,"=""""","=""L10548""",
"=""78.004""","=""78.0038""","=""300bl""","=""""",,"=""174.95166+x""","=""190.84630+x""","=""2p5.3s.(3P*).3p""","=""4D""","=""5/2""","=""2p5.(2P*).3p2.(3P)""","=""4D*""","=""5/2""",6,6,,"=""""","=""L10548""",
"=""78.138""","=""78.1361""","=""450bl""","=""""",,"=""174.77196+x""","=""190.63968+x""","=""2p5.3s.(3P*).3p""","=""4D""","=""7/2""","=""2p5.(2P*).3p2.(3P)""","=""4D*""","=""7/2""",8,8,,"=""""","=""L10548""",
"=""79.032""","=""79.0311""","=""145""","=""""",,"=""174.95166+x""","=""190.63968+x""","=""2p5.3s.(3P*).3p""","=""4D""","=""5/2""","=""2p5.(2P*).3p2.(3P)""","=""4D*""","=""7/2""",6,8,,"=""""","=""L10548""",
"=""79.264""","=""79.2651""","=""170""","=""""",,"=""175.20459+x""","=""190.84630+x""","=""2p5.3s.(3P*).3p""","=""4D""","=""3/2""","=""2p5.(2P*).3p2.(3P)""","=""4D*""","=""5/2""",4,6,,"=""""","=""L10548""",
"=""80.061""","=""80.0610""","=""40""","=""""",,"=""175.49155+x""","=""190.97777+x""","=""2p5.3s.(3P*).3p""","=""4D""","=""1/2""","=""2p5.(2P*).3p2.(3P)""","=""4D*""","=""3/2""",2,4,,"=""""","=""L10548""",
"=""""","=""80.063+""","=""""","=""4.97e+07""",B+,"=""64.72336""","=""80.2092""","=""2p6.5p""","=""2P*""","=""1/2""","=""2p6.8d""","=""2D""","=""3/2""",2,4,,"=""T7942c84""","=""""",
"=""""","=""80.204+""","=""""","=""6.17e+07""",B+,"=""64.75069""","=""80.2092""","=""2p6.5p""","=""2P*""","=""3/2""","=""2p6.8d""","=""2D""","=""5/2""",4,6,,"=""T7942c84""","=""""",
"=""""","=""80.204+""","=""""","=""1.03e+07""",B+,"=""64.75069""","=""80.2092""","=""2p6.5p""","=""2P*""","=""3/2""","=""2p6.8d""","=""2D""","=""3/2""",4,4,,"=""T7942c84""","=""""",
"=""""","=""80.271+""","=""""","=""1.76e+08""",B+,"=""67.70127""","=""83.1470""","=""2p6.5d""","=""2D""","=""3/2""","=""2p6.10f""","=""2F*""","=""5/2""",4,6,,"=""T7942c84""","=""""",
"=""""","=""80.278+""","=""""","=""1.88e+08""",B+,"=""67.70264""","=""83.1470""","=""2p6.5d""","=""2D""","=""5/2""","=""2p6.10f""","=""2F*""","=""7/2""",6,8,,"=""T7942c84""","=""""",
"=""""","=""80.278+""","=""""","=""1.26e+07""",B+,"=""67.70264""","=""83.1470""","=""2p6.5d""","=""2D""","=""5/2""","=""2p6.10f""","=""2F*""","=""5/2""",6,6,,"=""T7942c84""","=""""",
"=""83.278""","=""83.2752""","=""85""","=""""",,"=""175.95780+x""","=""190.84630+x""","=""2p5.3s.(3P*).3p""","=""4P""","=""5/2""","=""2p5.(2P*).3p2.(3P)""","=""4D*""","=""5/2""",6,6,,"=""""","=""L10548""",
"=""83.365""","=""83.3650""","=""30""","=""""",,"=""176.10532+x""","=""190.97777+x""","=""2p5.3s.(3P*).3p""","=""4P""","=""3/2""","=""2p5.(2P*).3p2.(3P)""","=""4D*""","=""3/2""",4,4,,"=""""","=""L10548""",
"=""84.444""","=""84.4471""","=""70""","=""""",,"=""175.95780+x""","=""190.63968+x""","=""2p5.3s.(3P*).3p""","=""4P""","=""5/2""","=""2p5.(2P*).3p2.(3P)""","=""4D*""","=""7/2""",6,8,,"=""""","=""L10548""",
"=""84.657""","=""84.6570""","=""60""","=""""",,"=""176.33230+x""","=""190.97777+x""","=""2p5.3s.(3P*).3p""","=""4P""","=""1/2""","=""2p5.(2P*).3p2.(3P)""","=""4D*""","=""3/2""",2,4,,"=""""","=""L10548""",
"=""85.360""","=""85.3600""","=""220""","=""""",,"=""174.77196+x""","=""189.29682+x""","=""2p5.3s.(3P*).3p""","=""4D""","=""7/2""","=""2p5.(2P*).3p2.(3P)""","=""4P*""","=""5/2""",8,6,,"=""""","=""L10548""",
"=""""","=""86.445+""","=""""","=""1.35e+08""",B+,"=""64.72336""","=""79.0658""","=""2p6.5p""","=""2P*""","=""1/2""","=""2p6.8s""","=""2S""","=""1/2""",2,2,,"=""T7942c84""","=""""",
"=""""","=""86.610+""","=""""","=""2.71e+08""",B+,"=""64.75069""","=""79.0658""","=""2p6.5p""","=""2P*""","=""3/2""","=""2p6.8s""","=""2S""","=""1/2""",4,2,,"=""T7942c84""","=""""",
"=""""","=""86.746+""","=""""","=""2.43e+08""",B+,"=""67.70127""","=""81.9941""","=""2p6.5d""","=""2D""","=""3/2""","=""2p6.9f""","=""2F*""","=""5/2""",4,6,,"=""T7942c84""","=""""",
"=""""","=""86.754+""","=""""","=""2.60e+08""",B+,"=""67.70264""","=""81.9941""","=""2p6.5d""","=""2D""","=""5/2""","=""2p6.9f""","=""2F*""","=""7/2""",6,8,,"=""T7942c84""","=""""",
"=""""","=""86.754+""","=""""","=""1.73e+07""",B+,"=""67.70264""","=""81.9941""","=""2p6.5d""","=""2D""","=""5/2""","=""2p6.9f""","=""2F*""","=""5/2""",6,6,,"=""T7942c84""","=""""",
"=""""","=""86.8689+""","=""""","=""8.47e+07""",B+,"=""62.50073""","=""76.77330""","=""2p6.5s""","=""2S""","=""1/2""","=""2p6.7p""","=""2P*""","=""3/2""",2,4,,"=""T7942c84""","=""""",
"=""""","=""86.9259+""","=""""","=""8.80e+07""",B+,"=""62.50073""","=""76.76394""","=""2p6.5s""","=""2S""","=""1/2""","=""2p6.7p""","=""2P*""","=""1/2""",2,2,,"=""T7942c84""","=""""",
"=""""","=""90.394+""","=""""","=""9.28e+06""",B+,"=""67.70127""","=""[81.4173]""","=""2p6.5d""","=""2D""","=""3/2""","=""2p6.9p""","=""2P*""","=""3/2""",4,4,,"=""T7942c84""","=""""",
"=""""","=""90.403+""","=""""","=""8.35e+07""",B+,"=""67.70264""","=""[81.4173]""","=""2p6.5d""","=""2D""","=""5/2""","=""2p6.9p""","=""2P*""","=""3/2""",6,4,,"=""T7942c84""","=""""",
"=""""","=""90.421+""","=""""","=""9.28e+07""",B+,"=""67.70127""","=""[81.4131]""","=""2p6.5d""","=""2D""","=""3/2""","=""2p6.9p""","=""2P*""","=""1/2""",4,2,,"=""T7942c84""","=""""",
"=""""","=""92.097+""","=""""","=""1.83e+07""",B+,"=""68.40947""","=""81.8718""","=""2p6.5f""","=""2F*""","=""7/2""","=""2p6.9d""","=""2D""","=""5/2""",8,6,,"=""T7942c84""","=""""",
"=""""","=""92.097+""","=""""","=""1.93e+07""",B+,"=""68.40947""","=""81.8718""","=""2p6.5f""","=""2F*""","=""5/2""","=""2p6.9d""","=""2D""","=""3/2""",6,4,,"=""T7942c84""","=""""",
"=""""","=""92.097+""","=""""","=""9.16e+05""",B+,"=""68.40947""","=""81.8718""","=""2p6.5f""","=""2F*""","=""5/2""","=""2p6.9d""","=""2D""","=""5/2""",6,6,,"=""T7942c84""","=""""",
"=""93.3376""","=""93.3378""","=""170g""","=""1.67e+09""",AA,"=""0.00000""","=""13.28338""","=""2p6.3s""","=""2S""","=""1/2""","=""2p6.3p""","=""2P*""","=""3/2""",2,4,,"=""T7942c84""","=""L4882""",
"=""94.4525""","=""94.4523""","=""150g""","=""1.61e+09""",AA,"=""0.00000""","=""13.12665""","=""2p6.3s""","=""2S""","=""1/2""","=""2p6.3p""","=""2P*""","=""1/2""",2,2,,"=""T7942c84""","=""L4882""",
"=""""","=""95.005+""","=""""","=""5.39e+07""",B+,"=""64.72336""","=""77.7737""","=""2p6.5p""","=""2P*""","=""1/2""","=""2p6.7d""","=""2D""","=""3/2""",2,4,,"=""T7942c84""","=""""",
"=""""","=""95.204+""","=""""","=""6.73e+07""",B+,"=""64.75069""","=""77.7737""","=""2p6.5p""","=""2P*""","=""3/2""","=""2p6.7d""","=""2D""","=""5/2""",4,6,,"=""T7942c84""","=""""",
"=""""","=""95.204+""","=""""","=""1.13e+07""",B+,"=""64.75069""","=""77.7737""","=""2p6.5p""","=""2P*""","=""3/2""","=""2p6.7d""","=""2D""","=""3/2""",4,4,,"=""T7942c84""","=""""",
"=""97.1510""","=""97.1504""","=""5""","=""1.21e+09""",AA,"=""49.73864""","=""62.50073""","=""2p6.4p""","=""2P*""","=""1/2""","=""2p6.5s""","=""2S""","=""1/2""",2,2,,"=""T7942c84""","=""L4882""",
"=""97.5834""","=""97.5845""","=""10""","=""2.44e+09""",AA,"=""49.79541""","=""62.50073""","=""2p6.4p""","=""2P*""","=""3/2""","=""2p6.5s""","=""2S""","=""1/2""",4,2,,"=""T7942c84""","=""L4882""",
"=""""","=""97.7559+""","=""""","=""3.47e+08""",B+,"=""67.70127""","=""80.38431""","=""2p6.5d""","=""2D""","=""3/2""","=""2p6.8f""","=""2F*""","=""5/2""",4,6,,"=""T7942c84""","=""""",
"=""""","=""97.7664+""","=""""","=""3.72e+08""",A,"=""67.70264""","=""80.38431""","=""2p6.5d""","=""2D""","=""5/2""","=""2p6.8f""","=""2F*""","=""7/2""",6,8,,"=""T7942c84""","=""""",
"=""""","=""97.7664+""","=""""","=""2.48e+07""",B+,"=""67.70264""","=""80.38431""","=""2p6.5d""","=""2D""","=""5/2""","=""2p6.8f""","=""2F*""","=""5/2""",6,6,,"=""T7942c84""","=""""",
"=""100.0472""","=""100.0372""","=""60bl*""","=""2.99e+09""",AA,"=""56.01566""","=""68.40947""","=""2p6.4d""","=""2D""","=""3/2""","=""2p6.5f""","=""2F*""","=""5/2""",4,6,,"=""T7942c84""","=""L4882""",
"=""100.0472""","=""100.0542""","=""60bl*""","=""3.20e+09""",AA,"=""56.01777""","=""68.40947""","=""2p6.4d""","=""2D""","=""5/2""","=""2p6.5f""","=""2F*""","=""7/2""",6,8,,"=""T7942c84""","=""L4882""",
"=""""","=""100.0542+""","=""""","=""2.13e+08""",A,"=""56.01777""","=""68.40947""","=""2p6.4d""","=""2D""","=""5/2""","=""2p6.5f""","=""2F*""","=""5/2""",6,6,,"=""T7942c84""","=""""",
"=""""","=""104.621+""","=""""","=""1.43e+07""",B+,"=""67.70127""","=""[79.5521]""","=""2p6.5d""","=""2D""","=""3/2""","=""2p6.8p""","=""2P*""","=""3/2""",4,4,,"=""T7942c84""","=""""",
"=""""","=""104.633+""","=""""","=""1.29e+08""",B+,"=""67.70264""","=""[79.5521]""","=""2p6.5d""","=""2D""","=""5/2""","=""2p6.8p""","=""2P*""","=""3/2""",6,4,,"=""T7942c84""","=""""",
"=""""","=""104.68+""","=""""","=""1.43e+08""",B+,"=""67.70127""","=""[79.546]""","=""2p6.5d""","=""2D""","=""3/2""","=""2p6.8p""","=""2P*""","=""1/2""",4,2,,"=""T7942c84""","=""""",
"=""""","=""105.074+""","=""""","=""2.88e+07""",B+,"=""68.40947""","=""80.2092""","=""2p6.5f""","=""2F*""","=""7/2""","=""2p6.8d""","=""2D""","=""5/2""",8,6,,"=""T7942c84""","=""""",
"=""""","=""105.074+""","=""""","=""3.03e+07""",B+,"=""68.40947""","=""80.2092""","=""2p6.5f""","=""2F*""","=""5/2""","=""2p6.8d""","=""2D""","=""3/2""",6,4,,"=""T7942c84""","=""""",
"=""""","=""105.074+""","=""""","=""1.44e+06""",B+,"=""68.40947""","=""80.2092""","=""2p6.5f""","=""2F*""","=""5/2""","=""2p6.8d""","=""2D""","=""5/2""",6,6,,"=""T7942c84""","=""""",
"=""""","=""109.6856+""","=""""","=""2.24e+08""",B+,"=""64.72336""","=""76.02696""","=""2p6.5p""","=""2P*""","=""1/2""","=""2p6.7s""","=""2S""","=""1/2""",2,2,,"=""T7942c84""","=""""",
"=""""","=""109.9514+""","=""""","=""4.49e+08""",B+,"=""64.75069""","=""76.02696""","=""2p6.5p""","=""2P*""","=""3/2""","=""2p6.7s""","=""2S""","=""1/2""",4,2,,"=""T7942c84""","=""""",
"=""111.7756""","=""111.7757""","=""60w*""","=""""",,"=""57.36130""","=""68.45354""","=""2p6.4f""","=""2F*""","=""5/2""","=""2p6.5g""","=""2G""","=""7/2""",6,8,,"=""""","=""L4882""",
"=""111.7756""","=""111.7757""","=""60w*""","=""""",,"=""57.36130""","=""68.45354""","=""2p6.4f""","=""2F*""","=""7/2""","=""2p6.5g""","=""2G""","=""7/2""",8,8,,"=""""","=""L4882""",
"=""111.7756""","=""111.7757""","=""60w*""","=""""",,"=""57.36130""","=""68.45354""","=""2p6.4f""","=""2F*""","=""7/2""","=""2p6.5g""","=""2G""","=""9/2""",8,10,,"=""""","=""L4882""",
"=""""","=""119.8919+""","=""""","=""1.45e+08""",B+,"=""57.36130""","=""67.70264""","=""2p6.4f""","=""2F*""","=""7/2""","=""2p6.5d""","=""2D""","=""5/2""",8,6,,"=""T7942c84""","=""""",
"=""""","=""119.8919+""","=""""","=""7.26e+06""",B+,"=""57.36130""","=""67.70264""","=""2p6.4f""","=""2F*""","=""5/2""","=""2p6.5d""","=""2D""","=""5/2""",6,6,,"=""T7942c84""","=""""",
"=""""","=""119.9077+""","=""""","=""1.53e+08""",B+,"=""57.36130""","=""67.70127""","=""2p6.4f""","=""2F*""","=""5/2""","=""2p6.5d""","=""2D""","=""3/2""",6,4,,"=""T7942c84""","=""""",
"=""""","=""119.9865+""","=""""","=""5.14e+08""",A,"=""67.70127""","=""78.03445""","=""2p6.5d""","=""2D""","=""3/2""","=""2p6.7f""","=""2F*""","=""5/2""",4,6,,"=""T7942c84""","=""""",
"=""""","=""120.0024+""","=""""","=""5.51e+08""",A,"=""67.70264""","=""78.03445""","=""2p6.5d""","=""2D""","=""5/2""","=""2p6.7f""","=""2F*""","=""7/2""",6,8,,"=""T7942c84""","=""""",
"=""""","=""120.0024+""","=""""","=""3.68e+07""",B+,"=""67.70264""","=""78.03445""","=""2p6.5d""","=""2D""","=""5/2""","=""2p6.7f""","=""2F*""","=""5/2""",6,6,,"=""T7942c84""","=""""",
"=""""","=""120.573+""","=""""","=""2.37e+07""",B+,"=""71.13441""","=""[81.4173]""","=""2p6.6s""","=""2S""","=""1/2""","=""2p6.9p""","=""2P*""","=""3/2""",2,4,,"=""T7942c84""","=""""",
"=""""","=""120.622+""","=""""","=""2.46e+07""",B+,"=""71.13441""","=""[81.4131]""","=""2p6.6s""","=""2S""","=""1/2""","=""2p6.9p""","=""2P*""","=""1/2""",2,2,,"=""T7942c84""","=""""",
"=""""","=""125.6728+""","=""""","=""9.23e+07""",B+,"=""62.50073""","=""72.36637""","=""2p6.5s""","=""2S""","=""1/2""","=""2p6.6p""","=""2P*""","=""3/2""",2,4,,"=""T7942c84""","=""""",
"=""""","=""125.8671+""","=""""","=""9.70e+07""",B+,"=""62.50073""","=""72.35114""","=""2p6.5s""","=""2S""","=""1/2""","=""2p6.6p""","=""2P*""","=""1/2""",2,2,,"=""T7942c84""","=""""",
"=""129.0""","=""129.1176""","=""*""","=""""",,"=""68.45354""","=""78.05596""","=""2p6.5g""","=""2G""","=""7/2""","=""2p6.7h""","=""2H*""","=""9/2""",8,10,,"=""""","=""L4293""",
"=""129.0""","=""129.1176""","=""*""","=""""",,"=""68.45354""","=""78.05596""","=""2p6.5g""","=""2G""","=""9/2""","=""2p6.7h""","=""2H*""","=""9/2""",10,10,,"=""""","=""L4293""",
"=""129.0""","=""129.1176""","=""*""","=""""",,"=""68.45354""","=""78.05596""","=""2p6.5g""","=""2G""","=""9/2""","=""2p6.7h""","=""2H*""","=""11/2""",10,12,,"=""""","=""L4293""",
"=""""","=""130.226+""","=""""","=""1.47e+07""",B+,"=""72.35114""","=""81.8718""","=""2p6.6p""","=""2P*""","=""1/2""","=""2p6.9d""","=""2D""","=""3/2""",2,4,,"=""T7942c84""","=""""",
"=""""","=""130.434+""","=""""","=""1.84e+07""",B+,"=""72.36637""","=""81.8718""","=""2p6.6p""","=""2P*""","=""3/2""","=""2p6.9d""","=""2D""","=""5/2""",4,6,,"=""T7942c84""","=""""",
"=""""","=""130.434+""","=""""","=""3.07e+06""",B+,"=""72.36637""","=""81.8718""","=""2p6.6p""","=""2P*""","=""3/2""","=""2p6.9d""","=""2D""","=""3/2""",4,4,,"=""T7942c84""","=""""",
"=""""","=""132.402+""","=""""","=""5.03e+07""",B+,"=""68.40947""","=""77.7737""","=""2p6.5f""","=""2F*""","=""7/2""","=""2p6.7d""","=""2D""","=""5/2""",8,6,,"=""T7942c84""","=""""",
"=""""","=""132.402+""","=""""","=""5.28e+07""",B+,"=""68.40947""","=""77.7737""","=""2p6.5f""","=""2F*""","=""5/2""","=""2p6.7d""","=""2D""","=""3/2""",6,4,,"=""T7942c84""","=""""",
"=""""","=""132.402+""","=""""","=""2.51e+06""",B+,"=""68.40947""","=""77.7737""","=""2p6.5f""","=""2F*""","=""5/2""","=""2p6.7d""","=""2D""","=""5/2""",6,6,,"=""T7942c84""","=""""",
"=""""","=""133.647+""","=""""","=""3.18e+07""",B+,"=""64.72336""","=""74.00034""","=""2p6.5p""","=""2P*""","=""1/2""","=""2p6.6d""","=""2D""","=""3/2""",2,4,,"=""T7942c84""","=""""",
"=""""","=""134.027+""","=""""","=""4.10e+07""",B+,"=""64.75069""","=""74.00137""","=""2p6.5p""","=""2P*""","=""3/2""","=""2p6.6d""","=""2D""","=""5/2""",4,6,,"=""T7942c84""","=""""",
"=""""","=""134.042+""","=""""","=""6.88e+06""",B+,"=""64.75069""","=""74.00034""","=""2p6.5p""","=""2P*""","=""3/2""","=""2p6.6d""","=""2D""","=""3/2""",4,4,,"=""T7942c84""","=""""",
"=""""","=""135.551+""","=""""","=""1.01e+08""",B+,"=""74.00034""","=""83.1470""","=""2p6.6d""","=""2D""","=""3/2""","=""2p6.10f""","=""2F*""","=""5/2""",4,6,,"=""T7942c84""","=""""",
"=""""","=""135.566+""","=""""","=""1.08e+08""",A,"=""74.00137""","=""83.1470""","=""2p6.6d""","=""2D""","=""5/2""","=""2p6.10f""","=""2F*""","=""7/2""",6,8,,"=""T7942c84""","=""""",
"=""""","=""135.566+""","=""""","=""7.21e+06""",B+,"=""74.00137""","=""83.1470""","=""2p6.6d""","=""2D""","=""5/2""","=""2p6.10f""","=""2F*""","=""5/2""",6,6,,"=""T7942c84""","=""""",
"=""""","=""136.667+""","=""""","=""2.42e+07""",B+,"=""67.70127""","=""76.77330""","=""2p6.5d""","=""2D""","=""3/2""","=""2p6.7p""","=""2P*""","=""3/2""",4,4,,"=""T7942c84""","=""""",
"=""""","=""136.687+""","=""""","=""2.18e+08""",A,"=""67.70264""","=""76.77330""","=""2p6.5d""","=""2D""","=""5/2""","=""2p6.7p""","=""2P*""","=""3/2""",6,4,,"=""T7942c84""","=""""",
"=""""","=""136.808+""","=""""","=""2.43e+08""",B+,"=""67.70127""","=""76.76394""","=""2p6.5d""","=""2D""","=""3/2""","=""2p6.7p""","=""2P*""","=""1/2""",4,2,,"=""T7942c84""","=""""",
"=""141.9381""","=""141.9392""","=""10""","=""1.18e+08""",A,"=""56.01566""","=""64.75069""","=""2p6.4d""","=""2D""","=""3/2""","=""2p6.5p""","=""2P*""","=""3/2""",4,4,,"=""T7942c84""","=""L4882""",
"=""141.9738""","=""141.9735""","=""30w""","=""1.07e+09""",AA,"=""56.01777""","=""64.75069""","=""2p6.4d""","=""2D""","=""5/2""","=""2p6.5p""","=""2P*""","=""3/2""",6,4,,"=""T7942c84""","=""L4882""",
"=""142.3845""","=""142.3846""","=""20w""","=""1.19e+09""",AA,"=""56.01566""","=""64.72336""","=""2p6.4d""","=""2D""","=""3/2""","=""2p6.5p""","=""2P*""","=""1/2""",4,2,,"=""T7942c84""","=""L4882""",
"=""""","=""147.290+""","=""""","=""2.97e+07""",B+,"=""71.13441""","=""[79.5521]""","=""2p6.6s""","=""2S""","=""1/2""","=""2p6.8p""","=""2P*""","=""3/2""",2,4,,"=""T7942c84""","=""""",
"=""""","=""147.40+""","=""""","=""3.09e+07""",B+,"=""71.13441""","=""[79.546]""","=""2p6.6s""","=""2S""","=""1/2""","=""2p6.8p""","=""2P*""","=""1/2""",2,2,,"=""T7942c84""","=""""",
"=""""","=""155.101+""","=""""","=""1.37e+08""",A,"=""74.00034""","=""81.9941""","=""2p6.6d""","=""2D""","=""3/2""","=""2p6.9f""","=""2F*""","=""5/2""",4,6,,"=""T7942c84""","=""""",
"=""""","=""155.121+""","=""""","=""1.47e+08""",A,"=""74.00137""","=""81.9941""","=""2p6.6d""","=""2D""","=""5/2""","=""2p6.9f""","=""2F*""","=""7/2""",6,8,,"=""T7942c84""","=""""",
"=""""","=""155.121+""","=""""","=""9.80e+06""",B+,"=""74.00137""","=""81.9941""","=""2p6.6d""","=""2D""","=""5/2""","=""2p6.9f""","=""2F*""","=""5/2""",6,6,,"=""T7942c84""","=""""",
"=""""","=""157.78+""","=""""","=""1.44e+07""",B+,"=""72.35114""","=""80.2092""","=""2p6.6p""","=""2P*""","=""1/2""","=""2p6.8d""","=""2D""","=""3/2""",2,4,,"=""T7942c84""","=""""",
"=""""","=""158.09+""","=""""","=""1.82e+07""",B+,"=""72.36637""","=""80.2092""","=""2p6.6p""","=""2P*""","=""3/2""","=""2p6.8d""","=""2D""","=""5/2""",4,6,,"=""T7942c84""","=""""",
"=""""","=""158.09+""","=""""","=""3.05e+06""",B+,"=""72.36637""","=""80.2092""","=""2p6.6p""","=""2P*""","=""3/2""","=""2p6.8d""","=""2D""","=""3/2""",4,4,,"=""T7942c84""","=""""",
"=""""","=""166.25+""","=""""","=""2.05e+07""",B+,"=""74.41400""","=""81.8718""","=""2p6.6f""","=""2F*""","=""7/2""","=""2p6.9d""","=""2D""","=""5/2""",8,6,,"=""T7942c84""","=""""",
"=""""","=""166.25+""","=""""","=""2.15e+07""",B+,"=""74.41400""","=""81.8718""","=""2p6.6f""","=""2F*""","=""5/2""","=""2p6.9d""","=""2D""","=""3/2""",6,4,,"=""T7942c84""","=""""",
"=""""","=""166.25+""","=""""","=""1.02e+06""",B+,"=""74.41400""","=""81.8718""","=""2p6.6f""","=""2F*""","=""5/2""","=""2p6.9d""","=""2D""","=""5/2""",6,6,,"=""T7942c84""","=""""",
"=""""","=""167.16+""","=""""","=""7.66e+06""",B+,"=""74.00034""","=""[81.4173]""","=""2p6.6d""","=""2D""","=""3/2""","=""2p6.9p""","=""2P*""","=""3/2""",4,4,,"=""T7942c84""","=""""",
"=""""","=""167.19+""","=""""","=""6.89e+07""",B+,"=""74.00137""","=""[81.4173]""","=""2p6.6d""","=""2D""","=""5/2""","=""2p6.9p""","=""2P*""","=""3/2""",6,4,,"=""T7942c84""","=""""",
"=""""","=""167.26+""","=""""","=""7.66e+07""",B+,"=""74.00034""","=""[81.4131]""","=""2p6.6d""","=""2D""","=""3/2""","=""2p6.9p""","=""2P*""","=""1/2""",4,2,,"=""T7942c84""","=""""",
"=""""","=""184.65+""","=""""","=""1.02e+08""",B+,"=""72.35114""","=""79.0658""","=""2p6.6p""","=""2P*""","=""1/2""","=""2p6.8s""","=""2S""","=""1/2""",2,2,,"=""T7942c84""","=""""",
"=""""","=""184.700+""","=""""","=""7.50e+08""",A,"=""67.70127""","=""74.41400""","=""2p6.5d""","=""2D""","=""3/2""","=""2p6.6f""","=""2F*""","=""5/2""",4,6,,"=""T7942c84""","=""""",
"=""""","=""184.738+""","=""""","=""8.03e+08""",A,"=""67.70264""","=""74.41400""","=""2p6.5d""","=""2D""","=""5/2""","=""2p6.6f""","=""2F*""","=""7/2""",6,8,,"=""T7942c84""","=""""",
"=""""","=""184.738+""","=""""","=""5.36e+07""",A,"=""67.70264""","=""74.41400""","=""2p6.5d""","=""2D""","=""5/2""","=""2p6.6f""","=""2F*""","=""5/2""",6,6,,"=""T7942c84""","=""""",
"=""""","=""185.07+""","=""""","=""2.04e+08""",A,"=""72.36637""","=""79.0658""","=""2p6.6p""","=""2P*""","=""3/2""","=""2p6.8s""","=""2S""","=""1/2""",4,2,,"=""T7942c84""","=""""",
"=""""","=""193.391+""","=""""","=""4.35e+08""",A,"=""64.72336""","=""71.13441""","=""2p6.5p""","=""2P*""","=""1/2""","=""2p6.6s""","=""2S""","=""1/2""",2,2,,"=""T7942c84""","=""""",
"=""""","=""194.212+""","=""""","=""1.89e+08""",A,"=""74.00034""","=""80.38431""","=""2p6.6d""","=""2D""","=""3/2""","=""2p6.8f""","=""2F*""","=""5/2""",4,6,,"=""T7942c84""","=""""",
"=""""","=""194.219+""","=""""","=""8.75e+08""",A,"=""64.75069""","=""71.13441""","=""2p6.5p""","=""2P*""","=""3/2""","=""2p6.6s""","=""2S""","=""1/2""",4,2,,"=""T7942c84""","=""""",
"=""""","=""194.243+""","=""""","=""2.03e+08""",A,"=""74.00137""","=""80.38431""","=""2p6.6d""","=""2D""","=""5/2""","=""2p6.8f""","=""2F*""","=""7/2""",6,8,,"=""T7942c84""","=""""",
"=""""","=""194.243+""","=""""","=""1.35e+07""",B+,"=""74.00137""","=""80.38431""","=""2p6.6d""","=""2D""","=""5/2""","=""2p6.8f""","=""2F*""","=""5/2""",6,6,,"=""T7942c84""","=""""",
"=""""","=""197.454+""","=""""","=""6.80e-03""",A,"=""49.73864""","=""56.01777""","=""2p6.4p""","=""2P*""","=""1/2""","=""2p6.4d""","=""2D""","=""5/2""",2,6,M2,"=""T7942c84""","=""""",
"=""197.5206""","=""197.5207""","=""50""","=""8.37e+08""",AA,"=""49.73864""","=""56.01566""","=""2p6.4p""","=""2P*""","=""1/2""","=""2p6.4d""","=""2D""","=""3/2""",2,4,,"=""T7942c84""","=""L4882""",
"=""199.2559""","=""199.2560""","=""70""","=""9.82e+08""",AA,"=""49.79541""","=""56.01777""","=""2p6.4p""","=""2P*""","=""3/2""","=""2p6.4d""","=""2D""","=""5/2""",4,6,,"=""T7942c84""","=""L4882""",
"=""199.3237""","=""199.3235""","=""50bl""","=""1.63e+08""",AA,"=""49.79541""","=""56.01566""","=""2p6.4p""","=""2P*""","=""3/2""","=""2p6.4d""","=""2D""","=""3/2""",4,4,,"=""T7942c84""","=""L4882""",
"=""205.511""","=""205.511""","=""10*""","=""""",,"=""68.40947""","=""74.44244""","=""2p6.5f""","=""2F*""","=""5/2""","=""2p6.6g""","=""2G""","=""7/2""",6,8,,"=""""","=""L4882""",
"=""205.511""","=""205.511""","=""10*""","=""""",,"=""68.40947""","=""74.44244""","=""2p6.5f""","=""2F*""","=""7/2""","=""2p6.6g""","=""2G""","=""7/2""",8,8,,"=""""","=""L4882""",
"=""205.511""","=""205.511""","=""10*""","=""""",,"=""68.40947""","=""74.44244""","=""2p6.5f""","=""2F*""","=""7/2""","=""2p6.6g""","=""2G""","=""9/2""",8,10,,"=""""","=""L4882""",
"=""206.894""","=""206.894""","=""40w*""","=""""",,"=""68.45354""","=""74.44618""","=""2p6.5g""","=""2G""","=""7/2""","=""2p6.6h""","=""2H*""","=""9/2""",8,10,,"=""""","=""L4882""",
"=""206.894""","=""206.894""","=""40w*""","=""""",,"=""68.45354""","=""74.44618""","=""2p6.5g""","=""2G""","=""9/2""","=""2p6.6h""","=""2H*""","=""9/2""",10,10,,"=""""","=""L4882""",
"=""206.894""","=""206.894""","=""40w*""","=""""",,"=""68.45354""","=""74.44618""","=""2p6.5g""","=""2G""","=""9/2""","=""2p6.6h""","=""2H*""","=""11/2""",10,12,,"=""""","=""L4882""",
"=""208.0""","=""208.011""","=""*""","=""""",,"=""68.45354""","=""74.41400""","=""2p6.5g""","=""2G""","=""7/2""","=""2p6.6f""","=""2F*""","=""5/2""",8,6,,"=""""","=""L4293""",
"=""208.0""","=""208.011""","=""*""","=""""",,"=""68.45354""","=""74.41400""","=""2p6.5g""","=""2G""","=""7/2""","=""2p6.6f""","=""2F*""","=""7/2""",8,8,,"=""""","=""L4293""",
"=""208.0""","=""208.011""","=""*""","=""""",,"=""68.45354""","=""74.41400""","=""2p6.5g""","=""2G""","=""9/2""","=""2p6.6f""","=""2F*""","=""7/2""",10,8,,"=""""","=""L4293""",
"=""""","=""213.94+""","=""""","=""3.37e+07""",B+,"=""74.41400""","=""80.2092""","=""2p6.6f""","=""2F*""","=""7/2""","=""2p6.8d""","=""2D""","=""5/2""",8,6,,"=""T7942c84""","=""""",
"=""""","=""213.94+""","=""""","=""3.54e+07""",B+,"=""74.41400""","=""80.2092""","=""2p6.6f""","=""2F*""","=""5/2""","=""2p6.8d""","=""2D""","=""3/2""",6,4,,"=""T7942c84""","=""""",
"=""""","=""213.94+""","=""""","=""1.68e+06""",B+,"=""74.41400""","=""80.2092""","=""2p6.6f""","=""2F*""","=""5/2""","=""2p6.8d""","=""2D""","=""5/2""",6,6,,"=""T7942c84""","=""""",
"=""""","=""219.873+""","=""""","=""2.97e+07""",B+,"=""71.13441""","=""76.77330""","=""2p6.6s""","=""2S""","=""1/2""","=""2p6.7p""","=""2P*""","=""3/2""",2,4,,"=""T7942c84""","=""""",
"=""""","=""220.239+""","=""""","=""3.13e+07""",B+,"=""71.13441""","=""76.76394""","=""2p6.6s""","=""2S""","=""1/2""","=""2p6.7p""","=""2P*""","=""1/2""",2,2,,"=""T7942c84""","=""""",
"=""""","=""221.721+""","=""""","=""1.04e+08""",A,"=""68.40947""","=""74.00137""","=""2p6.5f""","=""2F*""","=""7/2""","=""2p6.6d""","=""2D""","=""5/2""",8,6,,"=""T7942c84""","=""""",
"=""""","=""221.721+""","=""""","=""5.19e+06""",B+,"=""68.40947""","=""74.00137""","=""2p6.5f""","=""2F*""","=""5/2""","=""2p6.6d""","=""2D""","=""5/2""",6,6,,"=""T7942c84""","=""""",
"=""""","=""221.762+""","=""""","=""1.09e+08""",A,"=""68.40947""","=""74.00034""","=""2p6.5f""","=""2F*""","=""5/2""","=""2p6.6d""","=""2D""","=""3/2""",6,4,,"=""T7942c84""","=""""",
"=""""","=""223.32+""","=""""","=""1.24e+07""",B+,"=""74.00034""","=""[79.5521]""","=""2p6.6d""","=""2D""","=""3/2""","=""2p6.8p""","=""2P*""","=""3/2""",4,4,,"=""T7942c84""","=""""",
"=""""","=""223.37+""","=""""","=""1.11e+08""",A,"=""74.00137""","=""[79.5521]""","=""2p6.6d""","=""2D""","=""5/2""","=""2p6.8p""","=""2P*""","=""3/2""",6,4,,"=""T7942c84""","=""""",
"=""""","=""223.6+""","=""""","=""1.24e+08""",A,"=""74.00034""","=""[79.546]""","=""2p6.6d""","=""2D""","=""3/2""","=""2p6.8p""","=""2P*""","=""1/2""",4,2,,"=""T7942c84""","=""""",
"=""""","=""228.65+""","=""""","=""6.50e+06""",B+,"=""72.35114""","=""77.7737""","=""2p6.6p""","=""2P*""","=""1/2""","=""2p6.7d""","=""2D""","=""3/2""",2,4,,"=""T7942c84""","=""""",
"=""""","=""229.29+""","=""""","=""8.61e+06""",B+,"=""72.36637""","=""77.7737""","=""2p6.6p""","=""2P*""","=""3/2""","=""2p6.7d""","=""2D""","=""5/2""",4,6,,"=""T7942c84""","=""""",
"=""""","=""229.29+""","=""""","=""1.45e+06""",B+,"=""72.36637""","=""77.7737""","=""2p6.6p""","=""2P*""","=""3/2""","=""2p6.7d""","=""2D""","=""3/2""",4,4,,"=""T7942c84""","=""""",
"=""""","=""230.01+""","=""""","=""1.24e+07""",B+,"=""76.02696""","=""[81.4173]""","=""2p6.7s""","=""2S""","=""1/2""","=""2p6.9p""","=""2P*""","=""3/2""",2,4,,"=""T7942c84""","=""""",
"=""""","=""230.19+""","=""""","=""1.30e+07""",B+,"=""76.02696""","=""[81.4131]""","=""2p6.7s""","=""2S""","=""1/2""","=""2p6.9p""","=""2P*""","=""1/2""",2,2,,"=""T7942c84""","=""""",
"=""""","=""230.74+""","=""""","=""6.61e+07""",A,"=""77.7737""","=""83.1470""","=""2p6.7d""","=""2D""","=""5/2""","=""2p6.10f""","=""2F*""","=""7/2""",6,8,,"=""T7942c84""","=""""",
"=""""","=""230.74+""","=""""","=""6.16e+07""",A,"=""77.7737""","=""83.1470""","=""2p6.7d""","=""2D""","=""3/2""","=""2p6.10f""","=""2F*""","=""5/2""",4,6,,"=""T7942c84""","=""""",
"=""""","=""230.74+""","=""""","=""4.41e+06""",B+,"=""77.7737""","=""83.1470""","=""2p6.7d""","=""2D""","=""5/2""","=""2p6.10f""","=""2F*""","=""5/2""",6,6,,"=""T7942c84""","=""""",
"=""""","=""242.73+""","=""""","=""4.69e+06""",B+,"=""76.76394""","=""81.8718""","=""2p6.7p""","=""2P*""","=""1/2""","=""2p6.9d""","=""2D""","=""3/2""",2,4,,"=""T7942c84""","=""""",
"=""""","=""243.18+""","=""""","=""6.00e+06""",B+,"=""76.77330""","=""81.8718""","=""2p6.7p""","=""2P*""","=""3/2""","=""2p6.9d""","=""2D""","=""5/2""",4,6,,"=""T7942c84""","=""""",
"=""""","=""243.18+""","=""""","=""1.01e+06""",B+,"=""76.77330""","=""81.8718""","=""2p6.7p""","=""2P*""","=""3/2""","=""2p6.9d""","=""2D""","=""3/2""",4,4,,"=""T7942c84""","=""""",
"=""258.810""","=""258.811""","=""80""","=""3.29e+08""",AA,"=""45.00488""","=""49.79541""","=""2p6.4s""","=""2S""","=""1/2""","=""2p6.4p""","=""2P*""","=""3/2""",2,4,,"=""T7942c84""","=""L4882""",
"=""261.916""","=""261.914""","=""70""","=""3.18e+08""",AA,"=""45.00488""","=""49.73864""","=""2p6.4s""","=""2S""","=""1/2""","=""2p6.4p""","=""2P*""","=""1/2""",2,2,,"=""T7942c84""","=""L4882""",
"=""""","=""265.770+""","=""""","=""5.17e+07""",A,"=""67.70127""","=""72.36637""","=""2p6.5d""","=""2D""","=""3/2""","=""2p6.6p""","=""2P*""","=""3/2""",4,4,,"=""T7942c84""","=""""",
"=""265.8""","=""265.848""","=""20bl""","=""4.65e+08""",A,"=""67.70264""","=""72.36637""","=""2p6.5d""","=""2D""","=""5/2""","=""2p6.6p""","=""2P*""","=""3/2""",6,4,,"=""T7942c84""","=""L4882""",
"=""266.64""","=""266.640""","=""10w""","=""5.19e+08""",A,"=""67.70127""","=""72.35114""","=""2p6.5d""","=""2D""","=""3/2""","=""2p6.6p""","=""2P*""","=""1/2""",4,2,,"=""T7942c84""","=""L4882""",
"=""""","=""293.77+""","=""""","=""8.67e+07""",A,"=""77.7737""","=""81.9941""","=""2p6.7d""","=""2D""","=""5/2""","=""2p6.9f""","=""2F*""","=""7/2""",6,8,,"=""T7942c84""","=""""",
"=""""","=""293.77+""","=""""","=""8.09e+07""",A,"=""77.7737""","=""81.9941""","=""2p6.7d""","=""2D""","=""3/2""","=""2p6.9f""","=""2F*""","=""5/2""",4,6,,"=""T7942c84""","=""""",
"=""""","=""293.77+""","=""""","=""5.79e+06""",B+,"=""77.7737""","=""81.9941""","=""2p6.7d""","=""2D""","=""5/2""","=""2p6.9f""","=""2F*""","=""5/2""",6,6,,"=""T7942c84""","=""""",
"=""""","=""307.340+""","=""""","=""2.49e+08""",A,"=""74.00034""","=""78.03445""","=""2p6.6d""","=""2D""","=""3/2""","=""2p6.7f""","=""2F*""","=""5/2""",4,6,,"=""T7942c84""","=""""",
"=""""","=""307.418+""","=""""","=""2.66e+08""",A,"=""74.00137""","=""78.03445""","=""2p6.6d""","=""2D""","=""5/2""","=""2p6.7f""","=""2F*""","=""7/2""",6,8,,"=""T7942c84""","=""""",
"=""""","=""307.418+""","=""""","=""1.78e+07""",A,"=""74.00137""","=""78.03445""","=""2p6.6d""","=""2D""","=""5/2""","=""2p6.7f""","=""2F*""","=""5/2""",6,6,,"=""T7942c84""","=""""",
"=""""","=""323.09+""","=""""","=""2.19e+07""",A,"=""78.03445""","=""81.8718""","=""2p6.7f""","=""2F*""","=""7/2""","=""2p6.9d""","=""2D""","=""5/2""",8,6,,"=""T7942c84""","=""""",
"=""""","=""323.09+""","=""""","=""2.30e+07""",A,"=""78.03445""","=""81.8718""","=""2p6.7f""","=""2F*""","=""5/2""","=""2p6.9d""","=""2D""","=""3/2""",6,4,,"=""T7942c84""","=""""",
"=""""","=""323.09+""","=""""","=""1.09e+06""",B+,"=""78.03445""","=""81.8718""","=""2p6.7f""","=""2F*""","=""5/2""","=""2p6.9d""","=""2D""","=""5/2""",6,6,,"=""T7942c84""","=""""",
"=""""","=""337.297+""","=""""","=""1.86e+08""",A,"=""72.35114""","=""76.02696""","=""2p6.6p""","=""2P*""","=""1/2""","=""2p6.7s""","=""2S""","=""1/2""",2,2,,"=""T7942c84""","=""""",
"=""""","=""338.699+""","=""""","=""3.74e+08""",A,"=""72.36637""","=""76.02696""","=""2p6.6p""","=""2P*""","=""3/2""","=""2p6.7s""","=""2S""","=""1/2""",4,2,,"=""T7942c84""","=""""",
"=""""","=""340.27+""","=""""","=""6.09e+07""",A,"=""77.7737""","=""[81.4173]""","=""2p6.7d""","=""2D""","=""5/2""","=""2p6.9p""","=""2P*""","=""3/2""",6,4,,"=""T7942c84""","=""""",
"=""""","=""340.27+""","=""""","=""6.76e+06""",B+,"=""77.7737""","=""[81.4173]""","=""2p6.7d""","=""2D""","=""3/2""","=""2p6.9p""","=""2P*""","=""3/2""",4,4,,"=""T7942c84""","=""""",
"=""""","=""340.67+""","=""""","=""6.76e+07""",A,"=""77.7737""","=""[81.4131]""","=""2p6.7d""","=""2D""","=""3/2""","=""2p6.9p""","=""2P*""","=""1/2""",4,2,,"=""T7942c84""","=""""",
"=""343.112""","=""343.112""","=""20w*""","=""""",,"=""74.44244""","=""78.05596""","=""2p6.6g""","=""2G""","=""7/2""","=""2p6.7h""","=""2H*""","=""9/2""",8,10,,"=""""","=""L4882""",
"=""343.112""","=""343.112""","=""20w*""","=""""",,"=""74.44244""","=""78.05596""","=""2p6.6g""","=""2G""","=""9/2""","=""2p6.7h""","=""2H*""","=""9/2""",10,10,,"=""""","=""L4882""",
"=""343.112""","=""343.112""","=""20w*""","=""""",,"=""74.44244""","=""78.05596""","=""2p6.6g""","=""2G""","=""9/2""","=""2p6.7h""","=""2H*""","=""11/2""",10,12,,"=""""","=""L4882""",
"=""343.395""","=""343.395""","=""30w*""","=""""",,"=""74.44618""","=""78.05672""","=""2p6.6h""","=""2H*""","=""9/2""","=""2p6.7i""","=""2I""","=""11/2""",10,12,,"=""""","=""L4882""",
"=""343.395""","=""343.395""","=""30w*""","=""""",,"=""74.44618""","=""78.05672""","=""2p6.6h""","=""2H*""","=""11/2""","=""2p6.7i""","=""2I""","=""11/2""",12,12,,"=""""","=""L4882""",
"=""343.395""","=""343.395""","=""30w*""","=""""",,"=""74.44618""","=""78.05672""","=""2p6.6h""","=""2H*""","=""11/2""","=""2p6.7i""","=""2I""","=""13/2""",12,14,,"=""""","=""L4882""",
"=""""","=""351.71+""","=""""","=""1.17e+07""",A,"=""76.02696""","=""[79.5521]""","=""2p6.7s""","=""2S""","=""1/2""","=""2p6.8p""","=""2P*""","=""3/2""",2,4,,"=""T7942c84""","=""""",
"=""""","=""352.3+""","=""""","=""1.24e+07""",B+,"=""76.02696""","=""[79.546]""","=""2p6.7s""","=""2S""","=""1/2""","=""2p6.8p""","=""2P*""","=""1/2""",2,2,,"=""T7942c84""","=""""",
"=""""","=""359.87+""","=""""","=""1.61e+06""",B+,"=""76.76394""","=""80.2092""","=""2p6.7p""","=""2P*""","=""1/2""","=""2p6.8d""","=""2D""","=""3/2""",2,4,,"=""T7942c84""","=""""",
"=""""","=""360.85+""","=""""","=""2.21e+06""",B+,"=""76.77330""","=""80.2092""","=""2p6.7p""","=""2P*""","=""3/2""","=""2p6.8d""","=""2D""","=""5/2""",4,6,,"=""T7942c84""","=""""",
"=""""","=""360.85+""","=""""","=""3.73e+05""",B+,"=""76.77330""","=""80.2092""","=""2p6.7p""","=""2P*""","=""3/2""","=""2p6.8d""","=""2D""","=""3/2""",4,4,,"=""T7942c84""","=""""",
"=""""","=""369.04+""","=""""","=""6.36e+07""",A,"=""74.41400""","=""77.7737""","=""2p6.6f""","=""2F*""","=""7/2""","=""2p6.7d""","=""2D""","=""5/2""",8,6,,"=""T7942c84""","=""""",
"=""""","=""369.04+""","=""""","=""6.69e+07""",A,"=""74.41400""","=""77.7737""","=""2p6.6f""","=""2F*""","=""5/2""","=""2p6.7d""","=""2D""","=""3/2""",6,4,,"=""T7942c84""","=""""",
"=""""","=""369.04+""","=""""","=""3.18e+06""",B+,"=""74.41400""","=""77.7737""","=""2p6.6f""","=""2F*""","=""5/2""","=""2p6.7d""","=""2D""","=""5/2""",6,6,,"=""T7942c84""","=""""",
"=""416.345""","=""416.346""","=""70bl""","=""2.45e+08""",AA,"=""64.72336""","=""67.70127""","=""2p6.5p""","=""2P*""","=""1/2""","=""2p6.5d""","=""2D""","=""3/2""",2,4,,"=""T7942c84""","=""L4882""",
"=""420.008""","=""420.007""","=""120""","=""2.88e+08""",AA,"=""64.75069""","=""67.70264""","=""2p6.5p""","=""2P*""","=""3/2""","=""2p6.5d""","=""2D""","=""5/2""",4,6,,"=""T7942c84""","=""L4882""",
"=""420.201""","=""420.202""","=""50""","=""4.79e+07""",AA,"=""64.75069""","=""67.70127""","=""2p6.5p""","=""2P*""","=""3/2""","=""2p6.5d""","=""2D""","=""3/2""",4,4,,"=""T7942c84""","=""L4882""",
"=""""","=""422.0+""","=""""","=""4.16e+07""",A,"=""80.2092""","=""83.1470""","=""2p6.8d""","=""2D""","=""5/2""","=""2p6.10f""","=""2F*""","=""7/2""",6,8,,"=""T7942c84""","=""""",
"=""""","=""422.0+""","=""""","=""3.88e+07""",A,"=""80.2092""","=""83.1470""","=""2p6.8d""","=""2D""","=""3/2""","=""2p6.10f""","=""2F*""","=""5/2""",4,6,,"=""T7942c84""","=""""",
"=""""","=""422.0+""","=""""","=""2.78e+06""",B+,"=""80.2092""","=""83.1470""","=""2p6.8d""","=""2D""","=""5/2""","=""2p6.10f""","=""2F*""","=""5/2""",6,6,,"=""T7942c84""","=""""",
"=""""","=""447.12+""","=""""","=""2.47e+07""",A,"=""74.00034""","=""76.77330""","=""2p6.6d""","=""2D""","=""3/2""","=""2p6.7p""","=""2P*""","=""3/2""",4,4,,"=""T7942c84""","=""""",
"=""""","=""447.29+""","=""""","=""2.23e+08""",A,"=""74.00137""","=""76.77330""","=""2p6.6d""","=""2D""","=""5/2""","=""2p6.7p""","=""2P*""","=""3/2""",6,4,,"=""T7942c84""","=""""",
"=""""","=""448.63+""","=""""","=""2.48e+08""",A,"=""74.00034""","=""76.76394""","=""2p6.6d""","=""2D""","=""3/2""","=""2p6.7p""","=""2P*""","=""1/2""",4,2,,"=""T7942c84""","=""""",
"=""""","=""474.92+""","=""""","=""1.07e+08""",A,"=""77.7737""","=""80.38431""","=""2p6.7d""","=""2D""","=""5/2""","=""2p6.8f""","=""2F*""","=""7/2""",6,8,,"=""T7942c84""","=""""",
"=""""","=""474.92+""","=""""","=""9.94e+07""",A,"=""77.7737""","=""80.38431""","=""2p6.7d""","=""2D""","=""3/2""","=""2p6.8f""","=""2F*""","=""5/2""",4,6,,"=""T7942c84""","=""""",
"=""""","=""474.92+""","=""""","=""7.12e+06""",A,"=""77.7737""","=""80.38431""","=""2p6.7d""","=""2D""","=""5/2""","=""2p6.8f""","=""2F*""","=""5/2""",6,6,,"=""T7942c84""","=""""",
"=""""","=""527.3+""","=""""","=""5.29e+06""",A,"=""79.0658""","=""[81.4173]""","=""2p6.8s""","=""2S""","=""1/2""","=""2p6.9p""","=""2P*""","=""3/2""",2,4,,"=""T7942c84""","=""""",
"=""""","=""528.2+""","=""""","=""5.62e+06""",B+,"=""79.0658""","=""[81.4131]""","=""2p6.8s""","=""2S""","=""1/2""","=""2p6.9p""","=""2P*""","=""1/2""",2,2,,"=""T7942c84""","=""""",
"=""""","=""533+""","=""""","=""4.51e+05""",B+,"=""[79.546]""","=""81.8718""","=""2p6.8p""","=""2P*""","=""1/2""","=""2p6.9d""","=""2D""","=""3/2""",2,4,,"=""T7942c84""","=""""",
"=""""","=""534.5+""","=""""","=""6.46e+05""",B+,"=""[79.5521]""","=""81.8718""","=""2p6.8p""","=""2P*""","=""3/2""","=""2p6.9d""","=""2D""","=""5/2""",4,6,,"=""T7942c84""","=""""",
"=""""","=""534.5+""","=""""","=""1.09e+05""",B+,"=""[79.5521]""","=""81.8718""","=""2p6.8p""","=""2P*""","=""3/2""","=""2p6.9d""","=""2D""","=""3/2""",4,4,,"=""T7942c84""","=""""",
"=""""","=""538.6+""","=""""","=""8.97e+07""",A,"=""76.76394""","=""79.0658""","=""2p6.7p""","=""2P*""","=""1/2""","=""2p6.8s""","=""2S""","=""1/2""",2,2,,"=""T7942c84""","=""""",
"=""""","=""540.8+""","=""""","=""1.80e+08""",A,"=""76.77330""","=""79.0658""","=""2p6.7p""","=""2P*""","=""3/2""","=""2p6.8s""","=""2S""","=""1/2""",4,2,,"=""T7942c84""","=""""",
"=""""","=""551.052""","=""m""","=""9.52e+07""",AA,"=""62.50073""","=""64.75069""","=""2p6.5s""","=""2S""","=""1/2""","=""2p6.5p""","=""2P*""","=""3/2""",2,4,,"=""T7942c84""","=""L4882""",
"=""557.826""","=""557.827""","=""5""","=""9.18e+07""",AA,"=""62.50073""","=""64.72336""","=""2p6.5s""","=""2S""","=""1/2""","=""2p6.5p""","=""2P*""","=""1/2""",2,2,,"=""T7942c84""","=""L4882""",
"=""""","=""570.1+""","=""""","=""3.87e+07""",A,"=""78.03445""","=""80.2092""","=""2p6.7f""","=""2F*""","=""7/2""","=""2p6.8d""","=""2D""","=""5/2""",8,6,,"=""T7942c84""","=""""",
"=""""","=""570.1+""","=""""","=""4.06e+07""",A,"=""78.03445""","=""80.2092""","=""2p6.7f""","=""2F*""","=""5/2""","=""2p6.8d""","=""2D""","=""3/2""",6,4,,"=""T7942c84""","=""""",
"=""""","=""570.1+""","=""""","=""1.93e+06""",A,"=""78.03445""","=""80.2092""","=""2p6.7f""","=""2F*""","=""5/2""","=""2p6.8d""","=""2D""","=""5/2""",6,6,,"=""T7942c84""","=""""",
"=""""","=""694.6+""","=""""","=""4.88e+07""",A,"=""80.2092""","=""81.9941""","=""2p6.8d""","=""2D""","=""5/2""","=""2p6.9f""","=""2F*""","=""7/2""",6,8,,"=""T7942c84""","=""""",
"=""""","=""694.6+""","=""""","=""4.55e+07""",A,"=""80.2092""","=""81.9941""","=""2p6.8d""","=""2D""","=""3/2""","=""2p6.9f""","=""2F*""","=""5/2""",4,6,,"=""T7942c84""","=""""",
"=""""","=""694.6+""","=""""","=""3.25e+06""",A,"=""80.2092""","=""81.9941""","=""2p6.8d""","=""2D""","=""5/2""","=""2p6.9f""","=""2F*""","=""5/2""",6,6,,"=""T7942c84""","=""""",
"=""""","=""697.2+""","=""""","=""1.16e+08""",A,"=""77.7737""","=""[79.5521]""","=""2p6.7d""","=""2D""","=""5/2""","=""2p6.8p""","=""2P*""","=""3/2""",6,4,,"=""T7942c84""","=""""",
"=""""","=""697.2+""","=""""","=""1.29e+07""",A,"=""77.7737""","=""[79.5521]""","=""2p6.7d""","=""2D""","=""3/2""","=""2p6.8p""","=""2P*""","=""3/2""",4,4,,"=""T7942c84""","=""""",
"=""""","=""700+""","=""""","=""1.29e+08""",A,"=""77.7737""","=""[79.546]""","=""2p6.7d""","=""2D""","=""3/2""","=""2p6.8p""","=""2P*""","=""1/2""",4,2,,"=""T7942c84""","=""""",
"=""""","=""751.78+""","=""""","=""9.15e+07""",A,"=""72.35114""","=""74.00034""","=""2p6.6p""","=""2P*""","=""1/2""","=""2p6.6d""","=""2D""","=""3/2""",2,4,,"=""T7942c84""","=""""",
"=""""","=""758.31+""","=""""","=""1.07e+08""",A,"=""72.36637""","=""74.00137""","=""2p6.6p""","=""2P*""","=""3/2""","=""2p6.6d""","=""2D""","=""5/2""",4,6,,"=""T7942c84""","=""""",
"=""""","=""758.79+""","=""""","=""1.79e+07""",A,"=""72.36637""","=""74.00034""","=""2p6.6p""","=""2P*""","=""3/2""","=""2p6.6d""","=""2D""","=""3/2""",4,4,,"=""T7942c84""","=""""",
"=""""","=""833.5+""","=""""","=""2.40e+07""",A,"=""80.38431""","=""81.8718""","=""2p6.8f""","=""2F*""","=""7/2""","=""2p6.9d""","=""2D""","=""5/2""",8,6,,"=""T7942c84""","=""""",
"=""""","=""833.5+""","=""""","=""2.52e+07""",A,"=""80.38431""","=""81.8718""","=""2p6.8f""","=""2F*""","=""5/2""","=""2p6.9d""","=""2D""","=""3/2""",6,4,,"=""T7942c84""","=""""",
"=""""","=""833.5+""","=""""","=""1.20e+06""",A,"=""80.38431""","=""81.8718""","=""2p6.8f""","=""2F*""","=""5/2""","=""2p6.9d""","=""2D""","=""5/2""",6,6,,"=""T7942c84""","=""""",
"=""""","=""921.38+""","=""""","=""7.62e+06""",AA,"=""56.01566""","=""57.36130""","=""2p6.4d""","=""2D""","=""3/2""","=""2p6.4f""","=""2F*""","=""5/2""",4,6,,"=""T7942c84""","=""""",
"=""""","=""922.82+""","=""""","=""8.12e+06""",AA,"=""56.01777""","=""57.36130""","=""2p6.4d""","=""2D""","=""5/2""","=""2p6.4f""","=""2F*""","=""7/2""",6,8,,"=""T7942c84""","=""""",
"=""""","=""922.82+""","=""""","=""5.41e+05""",AA,"=""56.01777""","=""57.36130""","=""2p6.4d""","=""2D""","=""5/2""","=""2p6.4f""","=""2F*""","=""5/2""",6,6,,"=""T7942c84""","=""""",
"=""""","=""972.3+""","=""""","=""2.48e+07""",A,"=""81.8718""","=""83.1470""","=""2p6.9d""","=""2D""","=""5/2""","=""2p6.10f""","=""2F*""","=""7/2""",6,8,,"=""T7942c84""","=""""",
"=""""","=""972.3+""","=""""","=""2.31e+07""",A,"=""81.8718""","=""83.1470""","=""2p6.9d""","=""2D""","=""3/2""","=""2p6.10f""","=""2F*""","=""5/2""",4,6,,"=""T7942c84""","=""""",
"=""""","=""972.3+""","=""""","=""1.65e+06""",A,"=""81.8718""","=""83.1470""","=""2p6.9d""","=""2D""","=""5/2""","=""2p6.10f""","=""2F*""","=""5/2""",6,6,,"=""T7942c84""","=""""",
"=""""","=""1006.40+""","=""""","=""3.50e+07""",A,"=""71.13441""","=""72.36637""","=""2p6.6s""","=""2S""","=""1/2""","=""2p6.6p""","=""2P*""","=""3/2""",2,4,,"=""T7942c84""","=""""",
"=""""","=""1018.99+""","=""""","=""3.38e+07""",A,"=""71.13441""","=""72.35114""","=""2p6.6s""","=""2S""","=""1/2""","=""2p6.6p""","=""2P*""","=""1/2""",2,2,,"=""T7942c84""","=""""",
"=""""","=""1026.3+""","=""""","=""6.47e+07""",A,"=""80.2092""","=""[81.4173]""","=""2p6.8d""","=""2D""","=""5/2""","=""2p6.9p""","=""2P*""","=""3/2""",6,4,,"=""T7942c84""","=""""",
"=""""","=""1026.3+""","=""""","=""7.18e+06""",A,"=""80.2092""","=""[81.4173]""","=""2p6.8d""","=""2D""","=""3/2""","=""2p6.9p""","=""2P*""","=""3/2""",4,4,,"=""T7942c84""","=""""",
"=""""","=""1029.9+""","=""""","=""7.19e+07""",A,"=""80.2092""","=""[81.4131]""","=""2p6.8d""","=""2D""","=""3/2""","=""2p6.9p""","=""2P*""","=""1/2""",4,2,,"=""T7942c84""","=""""",
"=""""","=""1227.9+""","=""""","=""4.02e+07""",A,"=""76.76394""","=""77.7737""","=""2p6.7p""","=""2P*""","=""1/2""","=""2p6.7d""","=""2D""","=""3/2""",2,4,,"=""T7942c84""","=""""",
"=""""","=""1239.4+""","=""""","=""4.71e+07""",A,"=""76.77330""","=""77.7737""","=""2p6.7p""","=""2P*""","=""3/2""","=""2p6.7d""","=""2D""","=""5/2""",4,6,,"=""T7942c84""","=""""",
"=""""","=""1239.4+""","=""""","=""7.85e+06""",A,"=""76.77330""","=""77.7737""","=""2p6.7p""","=""2P*""","=""3/2""","=""2p6.7d""","=""2D""","=""3/2""",4,4,,"=""T7942c84""","=""""",
"=""""","=""1661.2+""","=""""","=""1.52e+07""",A,"=""76.02696""","=""76.77330""","=""2p6.7s""","=""2S""","=""1/2""","=""2p6.7p""","=""2P*""","=""3/2""",2,4,,"=""T7942c84""","=""""",
"=""""","=""1682.3+""","=""""","=""1.47e+07""",A,"=""76.02696""","=""76.76394""","=""2p6.7s""","=""2S""","=""1/2""","=""2p6.7p""","=""2P*""","=""1/2""",2,2,,"=""T7942c84""","=""""",
"=""""","=""1750.7+""","=""""","=""3.91e+06""",A,"=""67.70127""","=""68.40947""","=""2p6.5d""","=""2D""","=""3/2""","=""2p6.5f""","=""2F*""","=""5/2""",4,6,,"=""T7942c84""","=""""",
"=""""","=""1754.1+""","=""""","=""4.16e+06""",A,"=""67.70264""","=""68.40947""","=""2p6.5d""","=""2D""","=""5/2""","=""2p6.5f""","=""2F*""","=""7/2""",6,8,,"=""T7942c84""","=""""",
"=""""","=""1754.1+""","=""""","=""2.78e+05""",A,"=""67.70264""","=""68.40947""","=""2p6.5d""","=""2D""","=""5/2""","=""2p6.5f""","=""2F*""","=""5/2""",6,6,,"=""T7942c84""","=""""",
"=""""","=""1870+""","=""""","=""1.99e+07""",A,"=""[79.546]""","=""80.2092""","=""2p6.8p""","=""2P*""","=""1/2""","=""2p6.8d""","=""2D""","=""3/2""",2,4,,"=""T7942c84""","=""""",
"=""""","=""1887+""","=""""","=""2.32e+07""",A,"=""[79.5521]""","=""80.2092""","=""2p6.8p""","=""2P*""","=""3/2""","=""2p6.8d""","=""2D""","=""5/2""",4,6,,"=""T7942c84""","=""""",
"=""""","=""1887+""","=""""","=""3.87e+06""",A,"=""[79.5521]""","=""80.2092""","=""2p6.8p""","=""2P*""","=""3/2""","=""2p6.8d""","=""2D""","=""3/2""",4,4,,"=""T7942c84""","=""""",
"=""""","=""2550+""","=""""","=""7.45e+06""",A,"=""79.0658""","=""[79.5521]""","=""2p6.8s""","=""2S""","=""1/2""","=""2p6.8p""","=""2P*""","=""3/2""",2,4,,"=""T7942c84""","=""""",
"=""""","=""2580+""","=""""","=""7.17e+06""",A,"=""79.0658""","=""[79.546]""","=""2p6.8s""","=""2S""","=""1/2""","=""2p6.8p""","=""2P*""","=""1/2""",2,2,,"=""T7942c84""","=""""",
"=""""","=""2703+""","=""""","=""1.07e+07""",A,"=""[81.4131]""","=""81.8718""","=""2p6.9p""","=""2P*""","=""1/2""","=""2p6.9d""","=""2D""","=""3/2""",2,4,,"=""T7942c84""","=""""",
"=""""","=""2728+""","=""""","=""1.25e+07""",A,"=""[81.4173]""","=""81.8718""","=""2p6.9p""","=""2P*""","=""3/2""","=""2p6.9d""","=""2D""","=""5/2""",4,6,,"=""T7942c84""","=""""",
"=""""","=""2728+""","=""""","=""2.08e+06""",A,"=""[81.4173]""","=""81.8718""","=""2p6.9p""","=""2P*""","=""3/2""","=""2p6.9d""","=""2D""","=""3/2""",4,4,,"=""T7942c84""","=""""",
"=""""","=""2997.2+""","=""""","=""1.87e+06""",A,"=""74.00034""","=""74.41400""","=""2p6.6d""","=""2D""","=""3/2""","=""2p6.6f""","=""2F*""","=""5/2""",4,6,,"=""T7942c84""","=""""",
"=""""","=""3004.7+""","=""""","=""1.99e+06""",A,"=""74.00137""","=""74.41400""","=""2p6.6d""","=""2D""","=""5/2""","=""2p6.6f""","=""2F*""","=""7/2""",6,8,,"=""T7942c84""","=""""",
"=""""","=""3004.7+""","=""""","=""1.33e+05""",A,"=""74.00137""","=""74.41400""","=""2p6.6d""","=""2D""","=""5/2""","=""2p6.6f""","=""2F*""","=""5/2""",6,6,,"=""T7942c84""","=""""",
"=""""","=""4754+""","=""""","=""1.01e+06""",A,"=""77.7737""","=""78.03445""","=""2p6.7d""","=""2D""","=""5/2""","=""2p6.7f""","=""2F*""","=""7/2""",6,8,,"=""T7942c84""","=""""",
"=""""","=""4754+""","=""""","=""9.40e+05""",A,"=""77.7737""","=""78.03445""","=""2p6.7d""","=""2D""","=""3/2""","=""2p6.7f""","=""2F*""","=""5/2""",4,6,,"=""T7942c84""","=""""",
"=""""","=""4754+""","=""""","=""6.71e+04""",A,"=""77.7737""","=""78.03445""","=""2p6.7d""","=""2D""","=""5/2""","=""2p6.7f""","=""2F*""","=""5/2""",6,6,,"=""T7942c84""","=""""",
"=""""","=""7080+""","=""""","=""5.45e+05""",A,"=""80.2092""","=""80.38431""","=""2p6.8d""","=""2D""","=""5/2""","=""2p6.8f""","=""2F*""","=""7/2""",6,8,,"=""T7942c84""","=""""",
"=""""","=""7080+""","=""""","=""5.08e+05""",A,"=""80.2092""","=""80.38431""","=""2p6.8d""","=""2D""","=""3/2""","=""2p6.8f""","=""2F*""","=""5/2""",4,6,,"=""T7942c84""","=""""",
"=""""","=""7080+""","=""""","=""3.63e+04""",A,"=""80.2092""","=""80.38431""","=""2p6.8d""","=""2D""","=""5/2""","=""2p6.8f""","=""2F*""","=""5/2""",6,6,,"=""T7942c84""","=""""",
"=""""","=""7911+""","=""""","=""1.82e-02""",A,"=""13.12665""","=""13.28338""","=""2p6.3p""","=""2P*""","=""1/2""","=""2p6.3p""","=""2P*""","=""3/2""",2,4,M1,"=""T7942c84""","=""""",
"=""""","=""10140+""","=""""","=""3.06e+05""",A,"=""81.8718""","=""81.9941""","=""2p6.9d""","=""2D""","=""5/2""","=""2p6.9f""","=""2F*""","=""7/2""",6,8,,"=""T7942c84""","=""""",
"=""""","=""10140+""","=""""","=""2.86e+05""",A,"=""81.8718""","=""81.9941""","=""2p6.9d""","=""2D""","=""3/2""","=""2p6.9f""","=""2F*""","=""5/2""",4,6,,"=""T7942c84""","=""""",
"=""""","=""10140+""","=""""","=""2.04e+04""",A,"=""81.8718""","=""81.9941""","=""2p6.9d""","=""2D""","=""5/2""","=""2p6.9f""","=""2F*""","=""5/2""",6,6,,"=""T7942c84""","=""""",
